;Name;Rarity;Type;Faction;Aura;Based On;Targets;Hits;Effect 1;Buff/Debuff Who
;Skink;Rare;Attack;Lizardmen;Increases Magic Ally ATK in all Battles by 30%;ATK;1;1;Ignore Block Damage;-
;Skink;Rare;Attack;Lizardmen;Increases Magic Ally ATK in all Battles by 30%;ATK;1;1;Ignore Shield;-
;Skink;Rare;Attack;Lizardmen;Increases Magic Ally ATK in all Battles by 30%;ATK;1;1;Dec DEF;Target
;Skink;Rare;Attack;Lizardmen;Increases Magic Ally ATK in all Battles by 30%;ATK;1;1;Heal Red;Target
;Acolyte;Rare;Support;Knight Revenant;Increases All ATK in the Arena by 30%;ATK;1;1;Inc Meter;Self
;Acolyte;Rare;Support;Knight Revenant;Increases All ATK in the Arena by 30%;ATK;1;1;Dec Meter;Target
;Acolyte;Rare;Support;Knight Revenant;Increases All ATK in the Arena by 30%;-;ALL;1;Remove ALL Debuffs;All Ally
;Adriel;Epic;Support;Sacred Order;Increases Magic Ally SPD in all Battles by 21%;ATK;1;1;Dec ACC;Target
;Adriel;Epic;Support;Sacred Order;Increases Magic Ally SPD in all Battles by 21%;-;ALL;1;Heal;All Ally
;Adriel;Epic;Support;Sacred Order;Increases Magic Ally SPD in all Battles by 21%;-;ALL;1;Reflect DMG;All Ally
;Adriel;Epic;Support;Sacred Order;Increases Magic Ally SPD in all Battles by 21%;ATK;ALL;1;Dec ATK;All Enemy
;Adriel;Epic;Support;Sacred Order;Increases Magic Ally SPD in all Battles by 21%;ATK;ALL;1;Dec ATK;All Enemy
;Aina;Epic;Attack;Barbarians;-;ATK;1;2;Extra Turn;-
;Aina;Epic;Attack;Barbarians;-;ATK;1;1;Weaken;Target
;Aina;Epic;Attack;Barbarians;-;ATK;1;1;Dec DEF;Target
;Aina;Epic;Attack;Barbarians;-;ATK;1;1;Heal per DMG;Self
;Altan;Legendary;Defense;Barbarians;-;DEF;1;1;Dec ATK;Target
;Altan;Legendary;Defense;Barbarians;-;DEF;1;1;Inc DEF;All Ally
;Altan;Legendary;Defense;Barbarians;-;DEF;1;1;Shield;All Ally
;Altan;Legendary;Defense;Barbarians;-;-;1;1;Revive;Random Ally
;Altan;Legendary;Defense;Barbarians;-;-;1;1;Reset ALL Cooldowns;Self
;Robar;Legendary;Attack;Orcs;-;ATK;1;1;Stun;Target
;Robar;Legendary;Attack;Orcs;-;ATK;1;1;Extra Turn;Self
;Robar;Legendary;Attack;Orcs;-;ATK;ALL;1;Dec DEF;All Enemy
;Robar;Legendary;Attack;Orcs;-;ATK;ALL;1;Inc DMG;All Enemy
;Robar;Legendary;Attack;Orcs;-;ATK;ALL;1;Inc DMG;All Enemy
;Robar;Legendary;Attack;Orcs;-;ATK;ALL;1;Inc DMG;All Enemy
;Angar;Legendary;HP;Orcs;-;ATK/HP;1;2;Extra Turn;Self
;Angar;Legendary;HP;Orcs;-;ATK/HP;Random;2;Provoke;Target
;Angar;Legendary;HP;Orcs;-;ATK/HP;Random;2;Reflect DMG;All Ally
;Angar;Legendary;HP;Orcs;-;-;1;1;Provoke;Target
;Angar;Legendary;HP;Orcs;-;-;1;1;DMG Reduction;Self
;Anointed;Rare;Support;Barbarians;-;ATK;1;3;Freeze;Target
;Anointed;Rare;Support;Barbarians;-;ATK;1;2;Steal 1 Buff;Self
;Anointed;Rare;Support;Barbarians;-;-;ALL;1;Inc Meter;All Ally
;Anointed;Rare;Support;Barbarians;-;-;ALL;1;Inc Crit Rate;All Ally
;Aothar;Epic;Attack;Sacred Order;Increases Ally ATK in all Battles by 21%;ATK;1;2;Steal 1 Buff;Self
;Aothar;Epic;Attack;Sacred Order;Increases Ally ATK in all Battles by 21%;ATK;Random;4;Poison;Target
;Aothar;Epic;Attack;Sacred Order;Increases Ally ATK in all Battles by 21%;ATK;1;1;Block Cooldown Skills;Target
;Apothecary;Rare;Support;High Elves;Increases Ally Def in Dungeons by 21%;ATK;Random;3;ATK;-
;Apothecary;Rare;Support;High Elves;Increases Ally Def in Dungeons by 21%;-;1;1;Heal;Target Ally
;Apothecary;Rare;Support;High Elves;Increases Ally Def in Dungeons by 21%;-;ALL;1;Inc SPD;All Ally
;Apothecary;Rare;Support;High Elves;Increases Ally Def in Dungeons by 21%;-;ALL;1;Inc Meter;All Ally
;Arbalester;Rare;Attack;Undead Horde;-;ATK;1;1;Transfer 1 Debuff;Target
;Arbalester;Rare;Attack;Undead Horde;-;ATK;1;1;Skills on Cooldown;Target
;Arbalester;Rare;Attack;Undead Horde;-;ATK;1;1;Inc DMG per Debuff;Target
;Arcanist;Rare;Support;Knight Revenant;Increases Ally DEF in the Arena by 25%;ATK;1;1;Sleep;Target
;Arcanist;Rare;Support;Knight Revenant;Increases Ally DEF in the Arena by 25%;-;ALL;1;Cont Heal;All Ally
;Arcanist;Rare;Support;Knight Revenant;Increases Ally DEF in the Arena by 25%;-;ALL;1;Inc ATK;All Ally
;Arcanist;Rare;Support;Knight Revenant;Increases Ally DEF in the Arena by 25%;-;ALL;1;Inc Crit Rate;All Ally
;Astralith;Legendary;Attack;Dark Elves;Increases Ally ACC in the Arena by 90.;ATK;1;1;Inc Meter;Random Ally
;Astralith;Legendary;Attack;Dark Elves;Increases Ally ACC in the Arena by 90.;ATK;1;1;Inc Meter;Random Ally
;Astralith;Legendary;Attack;Dark Elves;Increases Ally ACC in the Arena by 90.;ATK;1;1;Bomb;Target (Not Boss)
;Astralith;Legendary;Attack;Dark Elves;Increases Ally ACC in the Arena by 90.;-;1;1;Swap HP;Target (Not Boss)
;Athel;Rare;Attack;Sacred Order;Increases Ally HP in all Battles by 15%;ATK;1;3;Weaken;Target
;Athel;Rare;Attack;Sacred Order;Increases Ally HP in all Battles by 15%;ATK;ALL;1;Extra Crit Chance;Self
;Athel;Rare;Attack;Sacred Order;Increases Ally HP in all Battles by 15%;-;1;1;Inc ATK;Self
;Athel;Rare;Attack;Sacred Order;Increases Ally HP in all Battles by 15%;-;1;1;Inc DEF;Self
;Athel;Rare;Attack;Sacred Order;Increases Ally HP in all Battles by 15%;-;1;1;Extra Turn;Self
;Atur;Epic;HP;Barbarians;-;DEF;1;1;Provoke;Target
;Atur;Epic;HP;Barbarians;-;DEF;Random;2;Provoke;Target
;Atur;Epic;HP;Barbarians;-;-;1;1;Heal;Self
;Atur;Epic;HP;Barbarians;-;-;1;1;Counter;Self
;Atur;Epic;HP;Barbarians;-;-;1;1;Immune STUN;Self
;Atur;Epic;HP;Barbarians;-;-;1;1;Immune Freeze;Self
;Atur;Epic;HP;Barbarians;-;-;1;1;Immune Sleep;Self
;Avenger;Rare;Attack;High Elves;-;ATK;1;1;Dec DEF;Target
;Avenger;Rare;Attack;High Elves;-;ATK;Random;2;Extra Crit Chance;Target
;Avenger;Rare;Attack;High Elves;-;ATK;1;1;Always Crit;Target
;Azure;Epic;HP;Banner Lords;Increases Ally HP in all Battles by 25%;ATK;1;2;Stun;Target
;Azure;Epic;HP;Banner Lords;Increases Ally HP in all Battles by 25%;-;ALL;1;Ally Prot;All Ally
;Azure;Epic;HP;Banner Lords;Increases Ally HP in all Battles by 25%;-;ALL;1;Shield;Self
;Azure;Epic;HP;Banner Lords;Increases Ally HP in all Battles by 25%;atk/hp;1;1;Extra Hit;Target
;Bad-el-Kazar;Legendary;Support;Undead Horde;Increases Ally C. RATE in all Battles by 25%;ATK;ALL;1;Heal per DMG;All Ally
;Bad-el-Kazar;Legendary;Support;Undead Horde;Increases Ally C. RATE in all Battles by 25%;-;ALL;1;Remove ALL Debuffs;All Ally
;Bad-el-Kazar;Legendary;Support;Undead Horde;Increases Ally C. RATE in all Battles by 25%;-;ALL;1;Cont Heal;All Ally
;Bad-el-Kazar;Legendary;Support;Undead Horde;Increases Ally C. RATE in all Battles by 25%;-;ALL;1;Poison;All Enemy
;Bad-el-Kazar;Legendary;Support;Undead Horde;Increases Ally C. RATE in all Battles by 25%;-;ALL;1;Inc DMG;All Enemy
;Banshee;Rare;Support;Undead Horde;Increases Ally RESIST in the Arena by 52%;ATK;ALL;1;Dec DEF;All Enemy
;Banshee;Rare;Support;Undead Horde;Increases Ally RESIST in the Arena by 52%;ATK;ALL;1;Remove 1 Buff;All Enemy
;Banshee;Rare;Support;Undead Horde;Increases Ally RESIST in the Arena by 52%;ATK;random;2;Block Cooldown Skills;Target
;Judicator;Rare;Attack;Sacred Order;-;ATK;1;1;Dec Meter;Target
;Judicator;Rare;Attack;Sacred Order;-;ATK;1;1;Dec DEF;Target
;Judicator;Rare;Attack;Sacred Order;-;ATK;1;1;Extra Crit DMG;Target
;Basher;Epic;Attack;Skinwalkers;Increases Ally HP in all Battles by 25%;ATK;1;1;Weaken;Target
;Basher;Epic;Attack;Skinwalkers;Increases Ally HP in all Battles by 25%;ATK;ALL;1;Inc Skill Cooldown;All Enemy
;Basher;Epic;Attack;Skinwalkers;Increases Ally HP in all Battles by 25%;ATK;random;4;Block Buffs;Target
;Battlesage;Epic;Support;High Elves;Increases Ally SPD in all Battles by 19%;ATK;ALL;1;ATK;All Enemy
;Battlesage;Epic;Support;High Elves;Increases Ally SPD in all Battles by 19%;-;ALL;1;Remove ALL Debuffs;All Ally
;Battlesage;Epic;Support;High Elves;Increases Ally SPD in all Battles by 19%;-;ALL;1;Inc ATK;All Ally
;Battlesage;Epic;Support;High Elves;Increases Ally SPD in all Battles by 19%;-;1;1;Revive on Death;Target Ally
;Alure;Epic;Attack;Demonspawn;-;ATK;Random;3;Dec Meter;Target
;Alure;Epic;Attack;Demonspawn;-;ATK;ALL;2;Dec DEF;All Enemy
;Alure;Epic;Attack;Demonspawn;-;ATK;ALL;1;Sleep;All Enemy
;Alure;Epic;Attack;Demonspawn;-;ATK;1;1;Crit Chance;Target
;Alure;Epic;Attack;Demonspawn;-;ATK;1;1;Ignore DEF;Target
;Bellower;Rare;Support;Ogryn;-;ATK;ALL;1;Block Cooldown Skills;All Enemy
;Bellower;Rare;Support;Ogryn;-;ATK;ALL;1;Dec SPD;All Enemy
;Bellower;Rare;Support;Ogryn;-;ATK;ALL;1;Dec ATK;All Enemy
;Bellower;Rare;Support;Ogryn;-;ATK;ALL;1;Dec DEF;All Enemy
;Berserker;Rare;Attack;Barbarians;-;ATK;1;1;Inc Meter;Self
;Berserker;Rare;Attack;Barbarians;-;ATK;1;1;Extra Turn;Self
;Berserker;Rare;Attack;Barbarians;-;ATK;ALL;2;Ignore DEF;All Enemy
;BigUn;Legendary;Attack;Ogryn;Increases Ally ACC in Dungeons by 90.;ATK;1;1;ATK all Enemies;All Enemy
;BigUn;Legendary;Attack;Ogryn;Increases Ally ACC in Dungeons by 90.;ATK;ALL;1;Stun;All Enemy
;BigUn;Legendary;Attack;Ogryn;Increases Ally ACC in Dungeons by 90.;ATK;ALL;1;Dec ACC;All Enemy
;BigUn;Legendary;Attack;Ogryn;Increases Ally ACC in Dungeons by 90.;-;ALL;2;Dec Meter;All Enemy
;BigUn;Legendary;Attack;Ogryn;Increases Ally ACC in Dungeons by 90.;-;ALL;2;Dec SPD;All Enemy
;Black Knight;Legendary;HP;Banner Lords;-;ATK;1;1;Provoke;Target
;Black Knight;Legendary;HP;Banner Lords;-;-;ALL;1;Cont Heal;All Ally
;Black Knight;Legendary;HP;Banner Lords;-;-;ALL;1;Inc DEF;All Ally
;Black Knight;Legendary;HP;Banner Lords;-;ATK;ALL;1;Inc DMG per HP lost;Self
;Black Knight;Legendary;HP;Banner Lords;-;-;1;1;Unkillable;Self
;Blind Seer;Legendary;Support;Dark Elves;Increases Ally DEF in Dungeons by 42%;ATK;Random;3;Dec Meter;Target
;Blind Seer;Legendary;Support;Dark Elves;Increases Ally DEF in Dungeons by 42%;-;ALL;1;Shield;All Ally
;Blind Seer;Legendary;Support;Dark Elves;Increases Ally DEF in Dungeons by 42%;-;ALL;1;Block Debuffs;All Ally
;Blind Seer;Legendary;Support;Dark Elves;Increases Ally DEF in Dungeons by 42%;-;ALL;1;Revive;All Ally
;Blind Seer;Legendary;Support;Dark Elves;Increases Ally DEF in Dungeons by 42%;-;ALL;1;Block Debuffs;All Ally
;Blind Seer;Legendary;Support;Dark Elves;Increases Ally DEF in Dungeons by 42%;-;ALL;1;DMG per Max HP;Self
;Bloodbraid;Rare;HP;Barbarians;-;ATK;1;1;Provoke;Target
;Bloodbraid;Rare;HP;Barbarians;-;ATK;1;3;Extra Turn;Self
;Bloodbraid;Rare;HP;Barbarians;-;ATK;1;1;Heal Red;Target
;Bloodbraid;Rare;HP;Barbarians;-;ATK;1;1;Heal per DMG;Self
;Baron;Legendary;Attack;Banner Lords;Increases Ally ATK in all Battles by 33%;ATK;1;1;ATK with Surplus DMG;All Enemy
;Baron;Legendary;Attack;Banner Lords;Increases Ally ATK in all Battles by 33%;ATK;1;1;Unlock Skypiercer;Self
;Baron;Legendary;Attack;Banner Lords;Increases Ally ATK in all Battles by 33%;ATK;1;1;Dec DEF;Target
;Baron;Legendary;Attack;Banner Lords;Increases Ally ATK in all Battles by 33%;ATK;1;1;Unlock Skypiercer;Self
;Baron;Legendary;Attack;Banner Lords;Increases Ally ATK in all Battles by 33%;ATK;1;1;Inc DMG per Buff;Self
;Baron;Legendary;Attack;Banner Lords;Increases Ally ATK in all Battles by 33%;ATK;1;1;Unlock Skypiercer;Self
;Baron;Legendary;Attack;Banner Lords;Increases Ally ATK in all Battles by 33%;-;1;1;Ignore Shield;Target
;Baron;Legendary;Attack;Banner Lords;Increases Ally ATK in all Battles by 33%;-;1;1;Ignore Block DMG;Target
;Bloodgorged;Legendary;Attack;Undead Horde;-;ATK;1;2;Dec DEF;Target
;Bloodgorged;Legendary;Attack;Undead Horde;-;ATK;Random;3;Skill on Cooldown;1 Enemy
;Bloodgorged;Legendary;Attack;Undead Horde;-;ATK;1;1;Ignore DEF;Target
;Bloodgorged;Legendary;Attack;Undead Horde;-;ATK;1;1;Revive Block;Target
;Bloodhorn;Rare;HP;Skinwalkers;-;ATK;1;1;Dec ACC;Target
;Bloodhorn;Rare;HP;Skinwalkers;-;-;2;1;Ally Prot;2 Ally
;Bloodhorn;Rare;HP;Skinwalkers;-;-;1;1;Cont Heal;Target Ally
;Bloodpainter;Rare;Attack;Skinwalkers;-;ATK;1;2;Poison;Target
;Bloodpainter;Rare;Attack;Skinwalkers;-;ATK;ALL;1;Dec ACC;All Enemy
;Bloodpainter;Rare;Attack;Skinwalkers;-;-;ALL;1;Inc Meter;All Ally
;Bloodpainter;Rare;Attack;Skinwalkers;-;-;ALL;1;Inc ATK;All Ally
;Bogwalker;Rare;Defense;Lizardmen;Increases Ally HP in Dungeons by 25%;DEF;1;1;Dec ATK;Target
;Bogwalker;Rare;Defense;Lizardmen;Increases Ally HP in Dungeons by 25%;ATK/DEF;ALL;1;Inc DEF;All Ally
;Bogwalker;Rare;Defense;Lizardmen;Increases Ally HP in Dungeons by 25%;-;ALL;1;Reflect DMG;All Ally
;Bonekeeper;Epic;Attack;Orcs;-;ATK;1;1;Dec DEF;Target
;Bonekeeper;Epic;Attack;Orcs;-;ATK;1;1;Extra Crit DMG;Target
;Bonekeeper;Epic;Attack;Orcs;-;ATK;1;1;Extra Hit;Target
;Broadmaw;Epic;Support;Lizardmen;Increases Ally DEF in the Arena by 33%;ATK;1;1;Freeze;Target
;Broadmaw;Epic;Support;Lizardmen;Increases Ally DEF in the Arena by 33%;-;ALL;1;Inc Crit Rate;All Ally
;Broadmaw;Epic;Support;Lizardmen;Increases Ally DEF in the Arena by 33%;-;ALL;1;Inc SPD;All Ally
;Broadmaw;Epic;Support;Lizardmen;Increases Ally DEF in the Arena by 33%;-;2;1;Revive;2 ally
;Broadmaw;Epic;Support;Lizardmen;Increases Ally DEF in the Arena by 33%;-;2;1;Block DMG;Revived Ally
;Bushi;Epic;Attack;Sacred Order;-;ATK;1;1;Stack Damage upto X4;Target
;Bushi;Epic;Attack;Sacred Order;-;ATK;1;1;Always Crit;Target
;Bushi;Epic;Attack;Sacred Order;-;-;1;1;Revive;Self
;Bushi;Epic;Attack;Sacred Order;-;-;1;1;Unkillable;Self
;Bystophus;Legendary;Attack;Knight Revenant;Increases Ally ACC in all Battles by 70.;ATK;1;1;Block Cooldown Skills;Target
;Bystophus;Legendary;Attack;Knight Revenant;Increases Ally ACC in all Battles by 70.;ATK;ALL;1;Crit;All Enemy
;Bystophus;Legendary;Attack;Knight Revenant;Increases Ally ACC in all Battles by 70.;ATK;ALL;1;Heal per DMG;Self
;Bystophus;Legendary;Attack;Knight Revenant;Increases Ally ACC in all Battles by 70.;ATK;random;4;Block Cooldown Skills;Target
;Bystophus;Legendary;Attack;Knight Revenant;Increases Ally ACC in all Battles by 70.;ATK;random;4;Dec DEF;Target
;Canoness;Epic;Defense;Sacred Order;-;DEF;1;1;Inc ATK;Random Ally
;Canoness;Epic;Defense;Sacred Order;-;DEF;1;1;Dec ACC;Target
;Canoness;Epic;Defense;Sacred Order;-;-;1;1;Ally Prot;Target Ally
;Canoness;Epic;Defense;Sacred Order;-;-;1;1;Inc DEF;Target Ally
;Canoness;Epic;Defense;Sacred Order;-;-;1;1;Cont Heal;Self
;Cardinal;Epic;Support;Sacred Order;-;ATK;1;1;Poison;-
;Cardinal;Epic;Support;Sacred Order;-;-;1;1;Heal;Target Ally
;Cardinal;Epic;Support;Sacred Order;-;-;1;1;Inc DEF;Target Ally
;Cardinal;Epic;Support;Sacred Order;-;-;ALL;1;Revive;All Ally
;Cardinal;Epic;Support;Sacred Order;-;-;ALL;1;Fill Meter;All Ally
;Cataphract;Rare;HP;Banner Lords;Increases Ally HP in the Arena by 25%;ATK;1;1;Dec ACC;Target
;Cataphract;Rare;HP;Banner Lords;Increases Ally HP in the Arena by 25%;-;1;1;Block Debuffs;Self
;Cataphract;Rare;HP;Banner Lords;Increases Ally HP in the Arena by 25%;-;1;1;Inc DEF;Self
;Cataphract;Rare;HP;Banner Lords;Increases Ally HP in the Arena by 25%;atk/hp;1;1;Ignore DEF;Target
;Channeler;Rare;Support;Skinwalkers;-;ATK;1;1;Heal Red;Target
;Channeler;Rare;Support;Skinwalkers;-;ATK;1;1;Stun;Target
;Channeler;Rare;Support;Skinwalkers;-;-;ALL;1;Inc SPD;All Ally
;Channeler;Rare;Support;Skinwalkers;-;-;ALL;1;Inc Meter;All Ally
;Chaplain;Rare;Support;Sacred Order;-;ATK;1;1;ATK;Target
;Chaplain;Rare;Support;Sacred Order;-;-;1;1;Remove ALL Debuffs;Target Ally
;Chaplain;Rare;Support;Sacred Order;-;-;1;1;Heal;Target Ally
;Chaplain;Rare;Support;Sacred Order;-;ATK;ALL;1;Heal per DMG;All Ally
;Chevalier;Rare;Defense;Banner Lords;-;DEF;1;2;Repeat Attack;Target
;Chevalier;Rare;Defense;Banner Lords;-;DEF;1;2;Ignore Block DMG;Target
;Chevalier;Rare;Defense;Banner Lords;-;DEF;1;2;Ignore Shield;Target
;Chevalier;Rare;Defense;Banner Lords;-;DEF;1;1;Stun;Target
;Chevalier;Rare;Defense;Banner Lords;-;-;ALL;1;Inc DEF;All Ally
;Chevalier;Rare;Defense;Banner Lords;-;-;ALL;1;cont Heal;All Ally
;Chopper;Rare;Attack;Orcs;Increases Ally ACC in the Arena by 40.;SPD/ATK;1;1;Dec DEF;Target
;Chopper;Rare;Attack;Orcs;Increases Ally ACC in the Arena by 40.;ATK;1;1;Stun;Target
;Chopper;Rare;Attack;Orcs;Increases Ally ACC in the Arena by 40.;ATK;1;1;Remove 2 Buffs;Target
;Coldheart;Rare;Attack;Dark Elves;-;ATK;Random;4;Heal Red;Target
;Coldheart;Rare;Attack;Dark Elves;-;ATK;ALL;1;Dec ACC;All Enemy
;Coldheart;Rare;Attack;Dark Elves;-;ATK;ALL;1;Poison;All Enemy
;Coldheart;Rare;Attack;Dark Elves;-;Enemy Max HP/ATK;1;1;Empty Meter;Target
;Coldheart;Rare;Attack;Dark Elves;-;Enemy Max HP/ATK;1;1;Inc Crit Rate;Target
;Confessor;Rare;Attack;Sacred Order;Increases Ally C. RATE in Dungeons by 1;ATK;1;1;Dec Meter;Target
;Confessor;Rare;Attack;Sacred Order;Increases Ally C. RATE in Dungeons by 1;ATK;ALL;1;Dec ACC;All Enemy
;Confessor;Rare;Attack;Sacred Order;Increases Ally C. RATE in Dungeons by 1;ATK;1;1;Extra Turn;Self
;Conquerer;Rare;Attack;Banner Lords;Increases Ally ATK in all Battles by 18%;ATK;1;2;ATK;Target
;Conquerer;Rare;Attack;Banner Lords;Increases Ally ATK in all Battles by 18%;ATK;1;1;Remove 2 Buffs;Target
;Conquerer;Rare;Attack;Banner Lords;Increases Ally ATK in all Battles by 18%;ATK;1;1;Revive Block;Target
;Courtier;Rare;Attack;Banner Lords;-;ATK;1;1;Freeze;Target
;Courtier;Rare;Attack;Banner Lords;-;ATK;1;3;Remove 1 Buff;Target
;Courtier;Rare;Attack;Banner Lords;-;ATK;ALL;2;Dec SPD;All Enemy
;Crimson Helm;Epic;Defense;Dark Elves;Increases Ally HP in Dungeons by 33%;ATK/DEF;1;1;Dec ATK;Target
;Crimson Helm;Epic;Defense;Dark Elves;Increases Ally HP in Dungeons by 33%;DEF;Random;4;Provoke;Target
;Crimson Helm;Epic;Defense;Dark Elves;Increases Ally HP in Dungeons by 33%;DEF;Random;4;Block DMG;Self
;Crimson Helm;Epic;Defense;Dark Elves;Increases Ally HP in Dungeons by 33%;-;ALL;1;Revive on Death;All Ally
;Crimson Helm;Epic;Defense;Dark Elves;Increases Ally HP in Dungeons by 33%;-;ALL;1;Inc DEF;All Ally
;Crossbowman;Rare;Attack;Banner Lords;-;ATK;1;1;Extra Hit;Target
;Crossbowman;Rare;Attack;Banner Lords;-;-;1;1;Inc Crit Rate;Target Ally
;Crossbowman;Rare;Attack;Banner Lords;-;-;1;1;Extra Turn;Self
;Crossbowman;Rare;Attack;Banner Lords;-;ATK;1;1;Stun;Target
;Crossbowman;Rare;Attack;Banner Lords;-;ATK;1;1;Dec SPD;Target
;Frostbringer;Epic;Support;Sacred Order;Increases Ally DEF in Dungeons by 33%;ATK;Random;2;Heal Red;Target
;Frostbringer;Epic;Support;Sacred Order;Increases Ally DEF in Dungeons by 33%;ATK;Random;3;Dec DEF;Target
;Frostbringer;Epic;Support;Sacred Order;Increases Ally DEF in Dungeons by 33%;-;ALL;1;Inc SPD;All Ally
;Frostbringer;Epic;Support;Sacred Order;Increases Ally DEF in Dungeons by 33%;-;ALL;1;Inc ATK;All Ally
;Cupidus;Legendary;Attack;Sacred Order;Increases Ally ATK in all Battles by 33%;ATK;ALL;1;Inc DMG;All Enemy
;Cupidus;Legendary;Attack;Sacred Order;Increases Ally ATK in all Battles by 33%;ATK;Random;3;HP Burn;Target
;Cupidus;Legendary;Attack;Sacred Order;Increases Ally ATK in all Battles by 33%;ATK;1;1;Inc ATK;Self
;Cupidus;Legendary;Attack;Sacred Order;Increases Ally ATK in all Battles by 33%;ATK;1;1;HP Burn;All Enemy
;Cupidus;Legendary;Attack;Sacred Order;Increases Ally ATK in all Battles by 33%;-;1;1;Inc DMG;Target
;Daywalker;Rare;HP;Knight Revenant;Increases Ally C. RATE in the Arena by 21%;ATK;1;1;Extra Hit;Target
;Daywalker;Rare;HP;Knight Revenant;Increases Ally C. RATE in the Arena by 21%;-;ALL;1;Ally Prot;All Ally
;Daywalker;Rare;HP;Knight Revenant;Increases Ally C. RATE in the Arena by 21%;-;ALL;1;block debuffs;Self
;Daywalker;Rare;HP;Knight Revenant;Increases Ally C. RATE in the Arena by 21%;-;ALL;1;Remove All Debuffs;Self
;Daywalker;Rare;HP;Knight Revenant;Increases Ally C. RATE in the Arena by 21%;ATK;ALL;1;Revive;Self
;Bone Knight;Rare;Attack;Undead Horde;Increases Ally C. RATE in the Arena by 21%;ATK;1;2;Weaken;Target
;Bone Knight;Rare;Attack;Undead Horde;Increases Ally C. RATE in the Arena by 21%;ATK;1;1;Heal Red;Target
;Bone Knight;Rare;Attack;Undead Horde;Increases Ally C. RATE in the Arena by 21%;ATK;ALL;1;Inc Crit Rate;All Ally
;Deathchanter;Rare;HP;Orcs;Increases Ally DEF in the Arena by 27%;ATK;1;1;Shield;Self
;Deathchanter;Rare;HP;Orcs;Increases Ally DEF in the Arena by 27%;ATK;1;1;Damage Per HP;Target
;Deathchanter;Rare;HP;Orcs;Increases Ally DEF in the Arena by 27%;ATK;1;1;Heal Red;Target
;Deathless;Epic;Defense;Knight Revenant;Increases Ally RESIST in the Arena by 70.;DEF;1;1;Dec DEF;Target
;Deathless;Epic;Defense;Knight Revenant;Increases Ally RESIST in the Arena by 70.;DEF;1;1;Dec SPD;Target
;Deathless;Epic;Defense;Knight Revenant;Increases Ally RESIST in the Arena by 70.;DEF;1;1;Dec ACC;Target
;Deathless;Epic;Defense;Knight Revenant;Increases Ally RESIST in the Arena by 70.;DEF;1;1;Reflect DMG;Self
;Deathless;Epic;Defense;Knight Revenant;Increases Ally RESIST in the Arena by 70.;DEF;1;1;Provoke;Target
;Deathless;Epic;Defense;Knight Revenant;Increases Ally RESIST in the Arena by 70.;DEF;ALL;1;Crit;All Enemy
;Delver;Epic;Attack;Dark Elves;-;ATK;1;1;Heal Red;Target
;Delver;Epic;Attack;Dark Elves;-;ATK;1;1;Weaken;Target
;Delver;Epic;Attack;Dark Elves;-;ATK;ALL;1;Inc ATK;Self
;Delver;Epic;Attack;Dark Elves;-;ATK;ALL;1;Dec DEF;All Enemy
;Diabolist;Rare;Support;Demonspawn;-;ATK;1;1;Sleep;Target
;Diabolist;Rare;Support;Demonspawn;-;ATK;ALL;1;Inc SPD;All Ally
;Diabolist;Rare;Support;Demonspawn;-;-;ALL;1;Inc Meter;All Ally
;Diabolist;Rare;Support;Demonspawn;-;-;ALL;1;Dec Meter;All Enemy
;Doompriest;Epic;Support;Knight Revenant;Increases Force Ally SPD in all Battles by 15%;ATK;1;1;Inc Crit Rate;Random Ally
;Doompriest;Epic;Support;Knight Revenant;Increases Force Ally SPD in all Battles by 15%;ATK;ALL;1;Inc ATK;All Ally
;Doompriest;Epic;Support;Knight Revenant;Increases Force Ally SPD in all Battles by 15%;-;ALL;1;Heal;All Ally
;Doompriest;Epic;Support;Knight Revenant;Increases Force Ally SPD in all Battles by 15%;-;ALL;1;Remove 1 Debuff;All Ally
;Doomscreech;Rare;HP;Undead Horde;-;ATK/HP;1;2;Dec ACC;Target
;Doomscreech;Rare;HP;Undead Horde;-;-;ALL;1;Inc Meter;All Ally
;Doomscreech;Rare;HP;Undead Horde;-;-;ALL;1;Inc DEF;All Ally
;Doomscreech;Rare;HP;Undead Horde;-;Max HP;ALL;1;Shield;Self
;Dracomorph;Legendary;Attack;Lizardmen;-;ATK;1;1;ATK with Surplus DMG;Random Enemy
;Dracomorph;Legendary;Attack;Lizardmen;-;ATK;Random;3;Poison;Target
;Dracomorph;Legendary;Attack;Lizardmen;-;-;ALL;1;Weaken;All Enemy
;Dracomorph;Legendary;Attack;Lizardmen;-;-;ALL;1;Dec DEF;All Enemy
;Drake;Epic;Attack;Lizardmen;Increases Ally ATK in the Arena by 30%;ATK;1;1;Extra Turn;Target
;Drake;Epic;Attack;Lizardmen;Increases Ally ATK in the Arena by 30%;ATK;1;1;Crit;Target
;Drake;Epic;Attack;Lizardmen;Increases Ally ATK in the Arena by 30%;ATK;1;1;Dec SPD;All Enemy but Target
;Drake;Epic;Attack;Lizardmen;Increases Ally ATK in the Arena by 30%;ATK;1;1;Dec ACC;All Enemy but Target
;Elder;Rare;Defense;Barbarians;-;ATK;1;1;Provoke;Target
;Elder;Rare;Defense;Barbarians;-;-;2;1;Ally Prot;Most Injured Ally
;Elder;Rare;Defense;Barbarians;-;-;2;1;Extra Turn;Self
;Elder;Rare;Defense;Barbarians;-;-;1;1;Counter;Self
;Elder;Rare;Defense;Barbarians;-;-;1;1;Heal;Self
;Elenaril;Legendary;Attack;High Elves;-;ATK;1;1;Burn;Target
;Elenaril;Legendary;Attack;High Elves;-;ATK;ALL;1;Poison;All Enemy
;Elenaril;Legendary;Attack;High Elves;-;ATK;ALL;1;Poison;All Enemy
;Elenaril;Legendary;Attack;High Elves;-;-;ALL;1;Deal ALL poison DMG;All Enemy
;Elhain;Rare;Attack;High Elves;Increases Ally HP in all Battles by 15;ATK;1;1;Extra Hit;Target
;Elhain;Rare;Attack;High Elves;Increases Ally HP in all Battles by 15;ATK;1(ALL);1(2);Crit;Target
;Elhain;Rare;Attack;High Elves;Increases Ally HP in all Battles by 15;ATK;1(ALL);1(2);Inc Crit Rate;Self
;Elhain;Rare;Attack;High Elves;Increases Ally HP in all Battles by 15;ATK;ALL;2;ATK;All Enemy
;Erinyes;Epic;Attack;Demonspawn;Increases Ally ACC in Dungeons by 70.;ATK;1;1;Poison;Target
;Erinyes;Epic;Attack;Demonspawn;Increases Ally ACC in Dungeons by 70.;ATK;ALL;1;Inc Debuffs;All Enemy
;Erinyes;Epic;Attack;Demonspawn;Increases Ally ACC in Dungeons by 70.;ATK;1;1;Block Buffs;Target
;Errol;Legendary;Attack;Sacred Order;Increases Ally ATK in Dungeons by 35%;ATK;1;1;Extra Crit Chance;Target
;Errol;Legendary;Attack;Sacred Order;Increases Ally ATK in Dungeons by 35%;ATK;1;3;Ignore DEF;Target
;Errol;Legendary;Attack;Sacred Order;Increases Ally ATK in Dungeons by 35%;ATK;1;1;Steal ALL Buffs;Target
;Executioner;Rare;Defense;Knight Revenant;Increases Ally DEF in all Battles by 17%;ATK;1;1;Stun;Target
;Executioner;Rare;Defense;Knight Revenant;Increases Ally DEF in all Battles by 17%;ATK/DEF;ALL;1;Dec Meter;All Enemy
;Executioner;Rare;Defense;Knight Revenant;Increases Ally DEF in all Battles by 17%;ATK/DEF;ALL;1;Dec SPD;All Enemy
;Executioner;Rare;Defense;Knight Revenant;Increases Ally DEF in all Battles by 17%;-;1;1;Inc DEF;Self
;Executioner;Rare;Defense;Knight Revenant;Increases Ally DEF in all Battles by 17%;-;1;1;Counter;Self
;Exemplar;Epic;Attack;High Elves;Increases Ally C. RATE in the Arena by 27%;ATK;1;2;Extra Hit;Target
;Exemplar;Epic;Attack;High Elves;Increases Ally C. RATE in the Arena by 27%;ATK;Random;3;Weaken;Target
;Exemplar;Epic;Attack;High Elves;Increases Ally C. RATE in the Arena by 27%;ATK;1;1;Freeze;Target
;Exemplar;Epic;Attack;High Elves;Increases Ally C. RATE in the Arena by 27%;ATK;1;1;Block Cooldown Skills;Target
;Faceless;Epic;Attack;Knight Revenant;Increases Ally ATK in the Arena by 21%;ATK;1;1;Extra Hit;Target
;Faceless;Epic;Attack;Knight Revenant;Increases Ally ATK in the Arena by 21%;ATK;1;1;Inc Crit Rate;Self
;Faceless;Epic;Attack;Knight Revenant;Increases Ally ATK in the Arena by 21%;ATK;1;1;Ignore Shield;Target
;Faceless;Epic;Attack;Knight Revenant;Increases Ally ATK in the Arena by 21%;ATK;1;1;ignore block dmg;Target
;Faceless;Epic;Attack;Knight Revenant;Increases Ally ATK in the Arena by 21%;ATK;1;1;Ignore DEF;Target
;Fellhound;Rare;Defense;Demonspawn;-;DEF/ATK;ALL;1;Dec SPD;All Enemy
;Fellhound;Rare;Defense;Demonspawn;-;-;ALL;1;Cont Heal;All Ally
;Fellhound;Rare;Defense;Demonspawn;-;-;ALL;1;Reflect DMG;All Ally
;Fellhound;Rare;Defense;Demonspawn;-;-;1;1;Block DMG;Target Ally
;Fenax;Epic;Attack;Sacred Order;-;ATK;1;1;Extra Hit;Target
;Fenax;Epic;Attack;Sacred Order;-;ATK;1;1;Block Revive;Target
;Fenax;Epic;Attack;Sacred Order;-;ATK;ALL;1;Block Buffs;All Enemy
;Fenax;Epic;Attack;Sacred Order;-;ATK;ALL;1;Block Cooldown Skills;All Enemy
;Fenax;Epic;Attack;Sacred Order;-;ATK;ALL;1;Dec Bomb;All Enemy
;Fenax;Epic;Attack;Sacred Order;-;ATK;1;1;Dec DEF;Target
;Fenax;Epic;Attack;Sacred Order;-;ATK;1;1;Dec SPD;Target
;Flesh-Tearer;Epic;Support;Skinwalkers;-;ATK;1;1;transfer 1 debuff;Target
;Flesh-Tearer;Epic;Support;Skinwalkers;-;-;ALL;1;Heal;All Ally
;Flesh-Tearer;Epic;Support;Skinwalkers;-;-;ALL;1;Inc Buff;All Ally
;Flesh-Tearer;Epic;Support;Skinwalkers;-;ATK;ALL;1;Dec All Buffs;All Enemy
;Flesh-Tearer;Epic;Support;Skinwalkers;-;ATK;ALL;1;Inc Debuff;All Enemy
;Flesheater;Rare;Support;Ogryn;-;ATK;1;1;Freeze;Target
;Flesheater;Rare;Support;Ogryn;-;ATK;1;2;Dec Meter;Target
;Flesheater;Rare;Support;Ogryn;-;-;ALL;1;Inc ATK;All Ally
;Flinger;Rare;Attack;Lizardmen;-;ATK;1;1;Dec DEF;Target
;Flinger;Rare;Attack;Lizardmen;-;ATK;ALL;1;ATK;All Enemy
;Flinger;Rare;Attack;Lizardmen;-;ATK;1;1;Always Crit;Target
;Royal Huntsman;Legendary;Attack;High Elves;Increases Spirit Ally ATK in all Battles by 38%;ATK;1;1;Inc ATK;Self
;Royal Huntsman;Legendary;Attack;High Elves;Increases Spirit Ally ATK in all Battles by 38%;ATK;ALL;1;Dec DEF;All Enemy
;Royal Huntsman;Legendary;Attack;High Elves;Increases Spirit Ally ATK in all Battles by 38%;ATK;1;1;Ignore DEF;Target
;Fu-Shan;Legendary;Attack;Lizardmen;Increases Ally SPD in all Battles by 24%;ATK;1;1;Extra Hit;Target
;Fu-Shan;Legendary;Attack;Lizardmen;Increases Ally SPD in all Battles by 24%;ATK;ALL;2;Stun;All Enemy
;Fu-Shan;Legendary;Attack;Lizardmen;Increases Ally SPD in all Battles by 24%;ATK;random;4;Dec DEF;Target
;Furystoker;Rare;Support;Ogryn;-;ATK;1;1;Extra Hit;Target
;Furystoker;Rare;Support;Ogryn;-;-;1;1;Remove ALL Debuffs;Target Ally
;Furystoker;Rare;Support;Ogryn;-;-;1;1;Heal per debuff;Target Ally
;Furystoker;Rare;Support;Ogryn;-;-;1;1;Heal;Lowest HP Ally
;Galek;Rare;Attack;Orcs;Increases Ally HP in all Battles by 15%;ATK;1;2;ATK;Target
;Galek;Rare;Attack;Orcs;Increases Ally HP in all Battles by 15%;ATK;ALL;1;Crit;All Enemy
;Galek;Rare;Attack;Orcs;Increases Ally HP in all Battles by 15%;ATK;ALL;1;Inc SPD;Self
;Galek;Rare;Attack;Orcs;Increases Ally HP in all Battles by 15%;ATK;random;4;Dec DEF;Target
;Galek;Rare;Attack;Orcs;Increases Ally HP in all Battles by 15%;ATK;random;4;Dec DEF;Target
;Galkut;Epic;Attack;Ogryn;Increases Ally C. RATE in Dungeons by 24%;ATK;1;2;Dec DEF;Target
;Galkut;Epic;Attack;Ogryn;Increases Ally C. RATE in Dungeons by 24%;ATK;ALL;1;Decrease DMG per Hit;All Enemy
;Galkut;Epic;Attack;Ogryn;Increases Ally C. RATE in Dungeons by 24%;ATK;ALL;1;Bomb;All Enemy
;Gator;Rare;Support;Lizardmen;Increases Ally C. RATE in all Battles by 22%;ATK;1;1;Heal Red;Target
;Gator;Rare;Support;Lizardmen;Increases Ally C. RATE in all Battles by 22%;-;ALL;1;Inc ATK;All Ally
;Gator;Rare;Support;Lizardmen;Increases Ally C. RATE in all Battles by 22%;-;ALL;1;Remove ALL Debuffs;All Ally
;Ghostborn;Legendary;Support;Dark Elves;-;ATK;1;1;Dec DEF;Target
;Ghostborn;Legendary;Support;Dark Elves;-;ATK/SPD;ALL;1;Heal Red;All Enemy
;Ghostborn;Legendary;Support;Dark Elves;-;ATK;ALL;1;Dec DEF;All Enemy
;Ghostborn;Legendary;Support;Dark Elves;-;ATK;ALL;1;Inc ATK;All Ally
;Gladiator;Rare;Attack;Knight Revenant;-;ATK;1;2;Dec ATK;Target
;Gladiator;Rare;Attack;Knight Revenant;-;ATK;1;2;Dec SPD;Target
;Gladiator;Rare;Attack;Knight Revenant;-;ATK;Random;2;Stun;Target
;Gladiator;Rare;Attack;Knight Revenant;-;ATK;ALL;1;ATK;All Enemy
;Gnarlhorn;Rare;HP;Skinwalkers;Increases Ally DEF in Dungeons by 27%;ATK;1;1;Inc DMG as HP lost;Target
;Gnarlhorn;Rare;HP;Skinwalkers;Increases Ally DEF in Dungeons by 27%;-;ALL;1;Provoke;All Enemy
;Gnarlhorn;Rare;HP;Skinwalkers;Increases Ally DEF in Dungeons by 27%;-;ALL;1;Inc DEF;Self
;Gnarlhorn;Rare;HP;Skinwalkers;Increases Ally DEF in Dungeons by 27%;-;1;1;Unkillable;Self
;Goremask;Rare;Attack;Orcs;Increases Ally HP in the Arena by 25%;ATK;1;2;ATK;Target
;Goremask;Rare;Attack;Orcs;Increases Ally HP in the Arena by 25%;ATK;1;1;Inc DMG;Target
;Goremask;Rare;Attack;Orcs;Increases Ally HP in the Arena by 25%;ATK;1;1;Ignore Shield;Target
;Goremask;Rare;Attack;Orcs;Increases Ally HP in the Arena by 25%;ATK;1;1;Ignore Block DMG;Target
;Gorgorab;Epic;Support;Undead Horde;Increases Ally SPD in the Arena by 23%;ATK;1;1;Remove 1 Buff;Target
;Gorgorab;Epic;Support;Undead Horde;Increases Ally SPD in the Arena by 23%;-;ALL;1;Inc Meter;All Ally
;Gorgorab;Epic;Support;Undead Horde;Increases Ally SPD in the Arena by 23%;-;ALL;1;Inc ATK;All Ally
;Gorgorab;Epic;Support;Undead Horde;Increases Ally SPD in the Arena by 23%;-;ALL;1;Revive;All Dead
;Gorgorab;Epic;Support;Undead Horde;Increases Ally SPD in the Arena by 23%;-;ALL;1;Heal;All Ally
;Grandmaster;Rare;HP;Banner Lords;Increases Magic Ally HP in all Battles by 17%;ATK;1;3;ATK;Target
;Grandmaster;Rare;HP;Banner Lords;Increases Magic Ally HP in all Battles by 17%;ATK;1;1;Dec ATK;Target
;Grandmaster;Rare;HP;Banner Lords;Increases Magic Ally HP in all Battles by 17%;ATK;1;1;Provoke;Target
;Grappler;Rare;Defense;Skinwalkers;Increases Spirit Ally HP in all Battles by 19%;ATK;random;2;Weaken;Target
;Grappler;Rare;Defense;Skinwalkers;Increases Spirit Ally HP in all Battles by 19%;ATK;1;2;Poison;Target
;Grappler;Rare;Defense;Skinwalkers;Increases Spirit Ally HP in all Battles by 19%;-;ALL;1;Shield;All Ally
;Grappler;Rare;Defense;Skinwalkers;Increases Spirit Ally HP in all Battles by 19%;-;ALL;1;reflect dmg;All Ally
;Graybeard;Rare;Defense;Skinwalkers;Increases Ally DEF in Dungeons by 30%;ATK;1;1;Provoke;Target
;Graybeard;Rare;Defense;Skinwalkers;Increases Ally DEF in Dungeons by 30%;DEF;ALL;1;Freeze;All Enemy
;Graybeard;Rare;Defense;Skinwalkers;Increases Ally DEF in Dungeons by 30%;-;1;1;Shield;Self
;Graybeard;Rare;Defense;Skinwalkers;Increases Ally DEF in Dungeons by 30%;-;1;1;Counter;Self
;Grimskin;Epic;Defense;Ogryn;-;ATK;1;1;Dec SPD;Target
;Grimskin;Epic;Defense;Ogryn;-;ATK;1;2;Provoke;Target
;Grimskin;Epic;Defense;Ogryn;-;ATK;ALL;1;Remove 1 Buff;All Enemy
;Grinner;Rare;Support;Undead Horde;-;ATK;1;1;Inc ATK;All Ally
;Grinner;Rare;Support;Undead Horde;-;ATK;ALL;1;Remove 1 Buff;All Enemy
;Grinner;Rare;Support;Undead Horde;-;-;1;1;Revive;Target Ally
;Grinner;Rare;Support;Undead Horde;-;-;1;1;Shield;Revived Ally
;Guardian;Rare;HP;Knight Revenant;Increases Ally HP in Dungeons by 27%;ATK;1;1;Dec All Buffs;All Enemy
;Guardian;Rare;HP;Knight Revenant;Increases Ally HP in Dungeons by 27%;ATK/HP;Random;4;Block Buffs;All Enemy
;Guardian;Rare;HP;Knight Revenant;Increases Ally HP in Dungeons by 27%;-;1;1;Block Debuffs;Self
;Guardian;Rare;HP;Knight Revenant;Increases Ally HP in Dungeons by 27%;-;1;1;Counter;Self
;Guardian;Rare;HP;Knight Revenant;Increases Ally HP in Dungeons by 27%;-;1;1;Cont Heal;Self
;Gurgoh the Augur;Legendary;Attack;Ogryn;-;ATK;1;2;Extra Hit;Target
;Gurgoh the Augur;Legendary;Attack;Ogryn;-;-;ALL;1;Remove 1 Buff;All Enemy
;Gurgoh the Augur;Legendary;Attack;Ogryn;-;-;ALL;1;Freeze;All Enemy
;Gurgoh the Augur;Legendary;Attack;Ogryn;-;-;ALL;1;Extra Turn;Self
;Gurgoh the Augur;Legendary;Attack;Ogryn;-;ATK;1;1;Extra Hit;Target
;Gurgoh the Augur;Legendary;Attack;Ogryn;-;-;1;1;Freeze;Attacker
;Halberdier;Rare;Attack;Banner Lords;-;ATK;1;1;Weaken;Target
;Halberdier;Rare;Attack;Banner Lords;-;ATK;1;1;Ignore Shield;Target
;Halberdier;Rare;Attack;Banner Lords;-;ATK;1;1;Ignore Block DMG;Target
;Halberdier;Rare;Attack;Banner Lords;-;-;1;1;Inc Crit DMG;Self
;Tayrel;Epic;Defense;High Elves;Increases Ally DEF in all Battles by 25%;DEF;1;2;Dec ATK;Target
;Tayrel;Epic;Defense;High Elves;Increases Ally DEF in all Battles by 25%;DEF;ALL;1;Dec DEF;All Enemy
;Tayrel;Epic;Defense;High Elves;Increases Ally DEF in all Battles by 25%;DEF;ALL;1;Sleep;All Enemy
;Tayrel;Epic;Defense;High Elves;Increases Ally DEF in all Battles by 25%;DEF;1;1;Dec Meter;Target
;Tayrel;Epic;Defense;High Elves;Increases Ally DEF in all Battles by 25%;DEF;1;1;Stun;Target
;Heiress;Rare;Attack;High Elves;Increases Ally SPD in Dungeons by 16%;ATK;1;1;Extra Turn;Target
;Heiress;Rare;Attack;High Elves;Increases Ally SPD in Dungeons by 16%;-;ALL;1;Remove 1 Debuff;All Ally
;Heiress;Rare;Attack;High Elves;Increases Ally SPD in Dungeons by 16%;-;ALL;1;Inc SPD;All Ally
;Heiress;Rare;Attack;High Elves;Increases Ally SPD in Dungeons by 16%;-;1;1;Counter;Target
;Hellfang;Rare;Attack;Demonspawn;Increases Ally ATK in Dungeons by 21%;ATK;1;1;skills on cooldown;Target
;Hellfang;Rare;Attack;Demonspawn;Increases Ally ATK in Dungeons by 21%;ATK;1;1;Weaken;Target
;Hellfang;Rare;Attack;Demonspawn;Increases Ally ATK in Dungeons by 21%;ATK;ALL;1;Freeze;All Enemy
;Hellgazer;Epic;Attack;Demonspawn;-;ATK;1;1;Dec DEF;Target
;Hellgazer;Epic;Attack;Demonspawn;-;-;1;1;Remove ALL Debuffs;Self
;Hellgazer;Epic;Attack;Demonspawn;-;-;1;1;Inc ATK;Self
;Hellgazer;Epic;Attack;Demonspawn;-;-;1;1;Extra Turn;Self
;Hellgazer;Epic;Attack;Demonspawn;-;ATK;ALL;1;Inc Meter;Self
;Hexia;Epic;Attack;Undead Horde;-;ATK;1;1;Dec DEF per Self Debuff;Target
;Hexia;Epic;Attack;Undead Horde;-;ATK;1;1;Inc Crit Rate;Self
;Hexia;Epic;Attack;Undead Horde;-;ATK;1;1;extra turn;Self
;Hexia;Epic;Attack;Undead Horde;-;ATK;1;1;Heal per DMG+Dead Ally;Self
;Hexia;Epic;Attack;Undead Horde;-;ATK;1;1;Inc SPD;Self
;Hexweaver;Rare;Support;Dark Elves;-;ATK;1;1;Dec ACC;Target
;Hexweaver;Rare;Support;Dark Elves;-;-;ALL;1;Heal;All Ally
;Hexweaver;Rare;Support;Dark Elves;-;-;ALL;1;Inc Crit Rate;All Ally
;Hexweaver;Rare;Support;Dark Elves;-;-;ALL;1;Inc SPD;All Ally
;Hollow;Rare;Attack;Undead Horde;Increases Ally ATK in Dungeons by 21%;ATK;1;1;Poison;Target
;Hollow;Rare;Attack;Undead Horde;Increases Ally ATK in Dungeons by 21%;ATK;1;4;Dec Meter;Target
;Hollow;Rare;Attack;Undead Horde;Increases Ally ATK in Dungeons by 21%;ATK;1;4;Inc Meter;Self
;Hollow;Rare;Attack;Undead Horde;Increases Ally ATK in Dungeons by 21%;ATK;1;1;Ignore DEF;Target
;Hope;Epic;HP;Sacred Order;-;ATK;1;1;Block Buffs;Target
;Hope;Epic;HP;Sacred Order;-;-;ALL;1;Inc Buffs;All Ally
;Hope;Epic;HP;Sacred Order;-;-;ALL;1;Shield;All Ally
;Hope;Epic;HP;Sacred Order;-;ATK;ALL;1;Remove ALL Buffs;All Enemy
;Hordin;Epic;Attack;Banner Lords;-;ATK;1;2;Extra Turn;Target
;Hordin;Epic;Attack;Banner Lords;-;ATK;1;1;Dec ATK;Target
;Hordin;Epic;Attack;Banner Lords;-;ATK;1;1;Heal per DMG;Self
;Hordin;Epic;Attack;Banner Lords;-;-;1;1;Inc ATK;Self
;Hordin;Epic;Attack;Banner Lords;-;-;1;1;Inc Crit Rate;Self
;Hordin;Epic;Attack;Banner Lords;-;-;1;1;Inc SPD;Self
;Hordin;Epic;Attack;Banner Lords;-;-;1;1;Extra Turn;Self
;Hospitaller;Rare;Support;Sacred Order;Increases Ally SPD in all Battles by 1;ATK;1;1;ATK;Target
;Hospitaller;Rare;Support;Sacred Order;Increases Ally SPD in all Battles by 1;ATK;ALL;1;Remove 1 Buff;All Enemy
;Hospitaller;Rare;Support;Sacred Order;Increases Ally SPD in all Battles by 1;-;ALL;1;Inc SPD;All Ally
;Hospitaller;Rare;Support;Sacred Order;Increases Ally SPD in all Battles by 1;-;ALL;1;Inc Crit Rate;All Ally
;Hospitaller;Rare;Support;Sacred Order;Increases Ally SPD in all Battles by 1;-;1;1;Revive;Target Ally
;Hospitaller;Rare;Support;Sacred Order;Increases Ally SPD in all Battles by 1;-;1;1;Block DMG;Revived Ally
;Rhazin Scarhide;Legendary;Defense;Lizardmen;Increases Ally RESIST in the Arena by 90.;DEF;1;3;Remove 1 Buff;Target
;Rhazin Scarhide;Legendary;Defense;Lizardmen;Increases Ally RESIST in the Arena by 90.;DEF;1;1;Dec DEF;Target
;Rhazin Scarhide;Legendary;Defense;Lizardmen;Increases Ally RESIST in the Arena by 90.;DEF;1;1;Weaken;Target
;Rhazin Scarhide;Legendary;Defense;Lizardmen;Increases Ally RESIST in the Arena by 90.;DEF;ALL;1;Empty Meter;All Enemy
;Huntress;Rare;Attack;Orcs;-;ATK;1;2;Stun;Target
;Huntress;Rare;Attack;Orcs;-;ATK;1;1;Weaken;Target
;Huntress;Rare;Attack;Orcs;-;-;1;1;Inc Crit Rate;Self
;Huntress;Rare;Attack;Orcs;-;-;1;1;Inc ATK;Self
;Hurler;Rare;Attack;Lizardmen;Increases Ally ATK in Dungeons by 21%;ATK;1;2;Ignore DEF;Target
;Hurler;Rare;Attack;Lizardmen;Increases Ally ATK in Dungeons by 21%;ATK;1;1;Remove 1 Buff;Target
;Hurler;Rare;Attack;Lizardmen;Increases Ally ATK in Dungeons by 21%;ATK;1;1;Inc Meter;Self
;Hurler;Rare;Attack;Lizardmen;Increases Ally ATK in Dungeons by 21%;ATK;1;1;skills on cooldown;Target
;Husk;Epic;HP;Undead Horde;Increases Ally HP in the Arena by 30%;ATK;1;2;Provoke;Target
;Husk;Epic;HP;Undead Horde;Increases Ally HP in the Arena by 30%;Enemy Max HP;ALL;1;Stun;All Enemy
;Husk;Epic;HP;Undead Horde;Increases Ally HP in the Arena by 30%;Max HP;1;1;ATK;Target
;Hyria;Rare;Attack;High Elves;Increases Ally C. RATE in the Arena by 16%;ATK;1;1;extra crit chance;Target
;Hyria;Rare;Attack;High Elves;Increases Ally C. RATE in the Arena by 16%;ATK;1;3;Poison;Target
;Hyria;Rare;Attack;High Elves;Increases Ally C. RATE in the Arena by 16%;-;1;3;ATK With 2 Allies;Target
;Ifrit;Rare;HP;Demonspawn;Increases Ally HP in all Battles by 15%;ATK;1;1;Weaken;Target
;Ifrit;Rare;HP;Demonspawn;Increases Ally HP in all Battles by 15%;ATK/HP;1;1;Dec ATK;Target
;Ifrit;Rare;HP;Demonspawn;Increases Ally HP in all Battles by 15%;-;1;1;Dec DMG;Self
;Ifrit;Rare;HP;Demonspawn;Increases Ally HP in all Battles by 15%;-;1;1;Dec DEF;Target
;Ignatius;Legendary;Defense;Ogryn;Increases Ally DEF in all Battles by 25%;DEF;1;1;Stun;Target
;Ignatius;Legendary;Defense;Ogryn;Increases Ally DEF in all Battles by 25%;DEF;ALL;1;Provoke;All Enemy
;Ignatius;Legendary;Defense;Ogryn;Increases Ally DEF in all Battles by 25%;DEF;ALL;1;HP Burn;All Enemy
;Ironclad;Rare;HP;Orcs;Increases Ally HP in all Battles by 16%;HP/ATK;1;1;Heal Red;Target
;Ironclad;Rare;HP;Orcs;Increases Ally HP in all Battles by 16%;-;ALL;1;Remove 1 Debuff;All Ally
;Ironclad;Rare;HP;Orcs;Increases Ally HP in all Battles by 16%;-;ALL;1;Inc ATK;All Ally
;Ironclad;Rare;HP;Orcs;Increases Ally HP in all Battles by 16%;-;ALL;1;DMG per Surplus Heal;All Enemy
;Ithos;Legendary;Attack;High Elves;Increases Ally C. RATE in the Arena by 33%;ATK;1;1;Extra Turn;Target
;Ithos;Legendary;Attack;High Elves;Increases Ally C. RATE in the Arena by 33%;ATK;1;1;Dec Max HP;Target
;Ithos;Legendary;Attack;High Elves;Increases Ally C. RATE in the Arena by 33%;ATK;ALL;3;Weaken;All Enemy
;Ithos;Legendary;Attack;High Elves;Increases Ally C. RATE in the Arena by 33%;ATK;ALL;1;Crit;All Enemy
;Jarang;Epic;Attack;Lizardmen;Increases Ally SPD in Dungeons by 23%;ATK;1;1;Ignore DEF;Target
;Jarang;Epic;Attack;Lizardmen;Increases Ally SPD in Dungeons by 23%;ATK;1;2;Stun;Target
;Jarang;Epic;Attack;Lizardmen;Increases Ally SPD in Dungeons by 23%;ATK;random;3;Dec ATK;Target
;Jarang;Epic;Attack;Lizardmen;Increases Ally SPD in Dungeons by 23%;ATK;random;3;Dec DEF;Target
;Jinglehunter;Epic;Attack;High Elves;Increases Ally SPD in the Arena by 24%;ATK;1;2;Dec SPD;Target
;Jinglehunter;Epic;Attack;High Elves;Increases Ally SPD in the Arena by 24%;ATK;1;1;Freeze;All Enemy
;Jinglehunter;Epic;Attack;High Elves;Increases Ally SPD in the Arena by 24%;ATK;ALL;1;Dec Meter;All Enemy
;Jinglehunter;Epic;Attack;High Elves;Increases Ally SPD in the Arena by 24%;ATK;ALL;1;Inc Meter;Self
;Jizoh;Epic;Defense;Lizardmen;Increases Ally ATK in all Battles by 18%;DEF;1;2;ATK;Target
;Jizoh;Epic;Defense;Lizardmen;Increases Ally ATK in all Battles by 18%;-;1;1;Shield;Target Ally
;Jizoh;Epic;Defense;Lizardmen;Increases Ally ATK in all Battles by 18%;-;1;1;Counter;Target Ally
;Jizoh;Epic;Defense;Lizardmen;Increases Ally ATK in all Battles by 18%;-;1;1;Extra Turn;Self
;Jizoh;Epic;Defense;Lizardmen;Increases Ally ATK in all Battles by 18%;DEF;1;1;Provoke;Target
;Jizoh;Epic;Defense;Lizardmen;Increases Ally ATK in all Battles by 18%;DEF;1;1;Cont Heal;Self
;Jotun;Epic;HP;Barbarians;-;ATK;1;1;Dec DEF;Target
;Jotun;Epic;HP;Barbarians;-;ATK;1;1;HP Burn;Target
;Jotun;Epic;HP;Barbarians;-;ATK;1;1;Dec Max HP;Target
;Judge;Rare;Attack;Dark Elves;Increases Ally ACC in all Battles by 30.;ATK;1;1;Inc DMG per Enemy Buff;Target
;Judge;Rare;Attack;Dark Elves;Increases Ally ACC in all Battles by 30.;ATK;ALL;2;Inc Meter;Self
;Judge;Rare;Attack;Dark Elves;Increases Ally ACC in all Battles by 30.;-;1;1;Dec ACC;Attacker
;Judge;Rare;Attack;Dark Elves;Increases Ally ACC in all Battles by 30.;-;1;1;Dec SPD;Attacker
;Judge;Rare;Attack;Dark Elves;Increases Ally ACC in all Battles by 30.;-;1;1;Dec ATK;Attacker
;Judge;Rare;Attack;Dark Elves;Increases Ally ACC in all Battles by 30.;-;1;1;Dec DEF;Attacker
;Ox;Rare;Attack;Barbarians;-;ATK;1;1;Inc Meter;Self
;Ox;Rare;Attack;Barbarians;-;ATK;1;1;Dec DEF;Target
;Ox;Rare;Attack;Barbarians;-;ATK;1;1;Block Cooldown Skills;Target
;Ox;Rare;Attack;Barbarians;-;ATK;1;1;Inc Crit Rate;Target
;Juliana;Epic;Attack;Sacred Order;Increases Ally C. RATE in the Arena by 20%;ATK;1;2;Inc Meter;Self
;Juliana;Epic;Attack;Sacred Order;Increases Ally C. RATE in the Arena by 20%;ATK;1;2;Inc Crit Rate;Self
;Juliana;Epic;Attack;Sacred Order;Increases Ally C. RATE in the Arena by 20%;ATK;1;2;Poison;Target
;Juliana;Epic;Attack;Sacred Order;Increases Ally C. RATE in the Arena by 20%;ATK;1;2;Ignore DEF;Target
;Juliana;Epic;Attack;Sacred Order;Increases Ally C. RATE in the Arena by 20%;ATK;1;1;Remove 1 Buff;Target
;Juliana;Epic;Attack;Sacred Order;Increases Ally C. RATE in the Arena by 20%;ATK;1;1;HP Burn;Target
;Justiciar;Rare;Defense;Sacred Order;-;atk/def;1;1;Inc DEF;Self
;Justiciar;Rare;Defense;Sacred Order;-;DEF/ATK;1;1;Provoke;Target
;Justiciar;Rare;Defense;Sacred Order;-;-;1;1;Counter;Attacker
;Justiciar;Rare;Defense;Sacred Order;-;-;1;1;Dec Buff;Attacker
;Kael;Rare;Attack;Dark Elves;Increases Ally HP in all Battles by 15%;ATK;1;1;Poison;Target
;Kael;Rare;Attack;Dark Elves;Increases Ally HP in all Battles by 15%;ATK;ALL;1;Crit Chance;Self
;Kael;Rare;Attack;Dark Elves;Increases Ally HP in all Battles by 15%;ATK;ALL;1;Inc Meter;Self
;Kael;Rare;Attack;Dark Elves;Increases Ally HP in all Battles by 15%;ATK;random;4;Poison;Target
;Kallia;Epic;Attack;Barbarians;Increases Ally HP in all Battles by 15%;ATK;1;1;HP Burn;Target
;Kallia;Epic;Attack;Barbarians;Increases Ally HP in all Battles by 15%;ATK;1;1;Heal;Self
;Kallia;Epic;Attack;Barbarians;Increases Ally HP in all Battles by 15%;ATK;ALL;1;Heal Red;All Enemy
;Kallia;Epic;Attack;Barbarians;Increases Ally HP in all Battles by 15%;ATK;ALL;1;Heal per DMG;Self
;Kallia;Epic;Attack;Barbarians;Increases Ally HP in all Battles by 15%;ATK;random;3;HP Burn;Target
;Kallia;Epic;Attack;Barbarians;Increases Ally HP in all Battles by 15%;ATK;random;3;Heal per DMG;Self
;Karam;Epic;Attack;Undead Horde;-;ATK;1;1;Poison;Target
;Karam;Epic;Attack;Undead Horde;-;ATK;1;1;Crit Chance;Self
;Karam;Epic;Attack;Undead Horde;-;ATK;1;1;deal all poison dmg;Target
;Knight-Errant;Epic;Attack;Banner Lords;Increases Ally DEF in Dungeons by 32%;ATK;1;1;Leech;Target
;Knight-Errant;Epic;Attack;Banner Lords;Increases Ally DEF in Dungeons by 32%;ATK;1;1;Ignore DEF;Target
;Knight-Errant;Epic;Attack;Banner Lords;Increases Ally DEF in Dungeons by 32%;ATK;1;1;Stun;Target
;Knight-Errant;Epic;Attack;Banner Lords;Increases Ally DEF in Dungeons by 32%;ATK;1;1;Reset Skill Cooldown;Self
;Knight-Errant;Epic;Attack;Banner Lords;Increases Ally DEF in Dungeons by 32%;ATK;1;1;Weaken;Target
;Knight-Errant;Epic;Attack;Banner Lords;Increases Ally DEF in Dungeons by 32%;ATK;1;1;Inc DMG;Target
;Kytis;Epic;Attack;Knight Revenant;Increases Ally HP in the Arena by 33%;ATK;1;1;Heal Red;Target
;Kytis;Epic;Attack;Knight Revenant;Increases Ally HP in the Arena by 33%;ATK;Random;4;Inc ATK;Self
;Kytis;Epic;Attack;Knight Revenant;Increases Ally HP in the Arena by 33%;ATK;Random;4;Always Crit;Target
;Kytis;Epic;Attack;Knight Revenant;Increases Ally HP in the Arena by 33%;ATK;ALL;2;Inc DMG per HP lost;All Enemy
;Lamellar;Rare;HP;Sacred Order;-;Max HP;1;1;Dec DEF;Target
;Lamellar;Rare;HP;Sacred Order;-;Max HP;ALL;1;Dec ATK;All Enemy
;Lamellar;Rare;HP;Sacred Order;-;-;1;1;Dec DMG;Self
;Lich;Epic;Defense;Undead Horde;-;DEF;1;1;Dec ACC;Target
;Lich;Epic;Defense;Undead Horde;-;-;1;1;Inc DEF;Self
;Lich;Epic;Defense;Undead Horde;-;-;1;1;Heal;Self
;Lich;Epic;Defense;Undead Horde;-;DEF;1;1;Empty Meter;Target
;Lich;Epic;Defense;Undead Horde;-;DEF;1;1;Dec SPD;Target
;Lightsworn;Epic;Defense;Sacred Order;-;DEF;1;3;Dec Meter;Target
;Lightsworn;Epic;Defense;Sacred Order;-;DEF;1;1;Dec ATK;Target
;Lightsworn;Epic;Defense;Sacred Order;-;DEF;1;1;Dec SPD;Target
;Lightsworn;Epic;Defense;Sacred Order;-;-;ALL;1;Inc DEF;All Ally
;Lightsworn;Epic;Defense;Sacred Order;-;-;ALL;1;Revive on Death;All Ally
;Longbeard;Legendary;Attack;Skinwalkers;Increases Ally C. RATE in Dungeons by 23%;ATK;1;1;Ignore Shield;Target
;Longbeard;Legendary;Attack;Skinwalkers;Increases Ally C. RATE in Dungeons by 23%;ATK;1;1;Ignore Block DMG;Target
;Longbeard;Legendary;Attack;Skinwalkers;Increases Ally C. RATE in Dungeons by 23%;ATK;1;1;Weaken;Target
;Longbeard;Legendary;Attack;Skinwalkers;Increases Ally C. RATE in Dungeons by 23%;-;1;5;Inc DMG;All Ally
;Lord Champfort;Legendary;HP;Banner Lords;Increases Ally HP in Dungeons by 50%;ATK;1;1;extra crit chance;Target
;Lord Champfort;Legendary;HP;Banner Lords;Increases Ally HP in Dungeons by 50%;-;ALL;1;Dec ACC;All Enemy
;Lord Champfort;Legendary;HP;Banner Lords;Increases Ally HP in Dungeons by 50%;-;ALL;1;Dec ATK;All Enemy
;Lord Champfort;Legendary;HP;Banner Lords;Increases Ally HP in Dungeons by 50%;-;1;1;Shield;Self
;Lord Champfort;Legendary;HP;Banner Lords;Increases Ally HP in Dungeons by 50%;-;1;1;dec spd;Shield Breaker
;Lord Shazar;Legendary;HP;Demonspawn;Increases Ally SPD in the Arena by 32%;ATK;1;3;Inc DMG per Debuff on Target;Target
;Lord Shazar;Legendary;HP;Demonspawn;Increases Ally SPD in the Arena by 32%;-;1;1;Inc ATK;Self
;Lord Shazar;Legendary;HP;Demonspawn;Increases Ally SPD in the Arena by 32%;-;1;1;block debuffs;Self
;Lord Shazar;Legendary;HP;Demonspawn;Increases Ally SPD in the Arena by 32%;-;1;1;Extra Turn;Self
;Lord Shazar;Legendary;HP;Demonspawn;Increases Ally SPD in the Arena by 32%;ATK;ALL;1;2x bomb;All Enemy
;Lord Shazar;Legendary;HP;Demonspawn;Increases Ally SPD in the Arena by 32%;ATK;ALL;1;2x bomb;All Enemy
;Lua;Epic;Attack;Dark Elves;-;ATK;1;1;Deal Half of DMG;All Enemy
;Lua;Epic;Attack;Dark Elves;-;ATK;ALL;3;Heal;Self
;Lua;Epic;Attack;Dark Elves;-;ATK;1;1;Empty Meter;Target
;Lua;Epic;Attack;Dark Elves;-;ATK;1;1;ignore shield;Target
;Lua;Epic;Attack;Dark Elves;-;ATK;1;1;Ignore Block DMG;Target
;Lugan the Steadfast;Legendary;HP;Banner Lords;-;Max HP;1;1;Heal per DMG;All Ally
;Lugan the Steadfast;Legendary;HP;Banner Lords;-;-;ALL;1;Inc DEF;Self
;Lugan the Steadfast;Legendary;HP;Banner Lords;-;-;ALL;1;Ally Prot;All Ally
;Lugan the Steadfast;Legendary;HP;Banner Lords;-;ATK;ALL;1;Block Cooldown Skills;All Enemy
;Luria;Epic;Attack;Dark Elves;-;ATK;1;1;Dec DEF;Target
;Luria;Epic;Attack;Dark Elves;-;ATK;1;1;Heal Red;Target
;Luria;Epic;Attack;Dark Elves;-;ATK;1;1;Dec SPD;Target
;Luria;Epic;Attack;Dark Elves;-;ATK;ALL;1;Freeze;All Enemy
;Luria;Epic;Attack;Dark Elves;-;ATK;ALL;1;Revive Block;All Enemy
;Luria;Epic;Attack;Dark Elves;-;ATK;1;1;Remove ALL Buffs;Target
;Luria;Epic;Attack;Dark Elves;-;ATK;1;1;Block Buffs;Target
;Luthiea;Epic;Attack;High Elves;Increases Ally C.RATE in Dungeons by 33%;ATK;1;1;Poison;Target
;Luthiea;Epic;Attack;High Elves;Increases Ally C.RATE in Dungeons by 33%;ATK;Random;3;Freeze;Target
;Luthiea;Epic;Attack;High Elves;Increases Ally C.RATE in Dungeons by 33%;ATK;ALL;1;Dec SPD;All Enemy
;Lyssandra;Legendary;Support;High Elves;Increases Ally SPD in all Battles by 24%;ATK;1;1;Transfer ALL Debuffs;Target
;Lyssandra;Legendary;Support;High Elves;Increases Ally SPD in all Battles by 24%;ATK;1;1;Empty Meter;Target
;Lyssandra;Legendary;Support;High Elves;Increases Ally SPD in all Battles by 24%;-;ALL;1;Inc SPD;All Ally
;Lyssandra;Legendary;Support;High Elves;Increases Ally SPD in all Battles by 24%;-;ALL;1;Inc Meter;All Ally
;Lyssandra;Legendary;Support;High Elves;Increases Ally SPD in all Battles by 24%;-;ALL;1;Dec Meter;All Enemy
;Magister;Rare;Support;High Elves;-;ATK;1;1;Inc ATK;Random Ally
;Magister;Rare;Support;High Elves;-;-;ALL;1;Revive on Death;All Enemy Ally
;Magister;Rare;Support;High Elves;-;-;ALL;1;Reflect DMG;All Enemy Ally
;Magister;Rare;Support;High Elves;-;-;ALL;1;Heal;All Ally
;Magister;Rare;Support;High Elves;-;ATK;ALL;1;Heal Red;All Enemy
;Magmablood;Rare;Attack;Ogryn;-;ATK;1;1;Stun;Target
;Magmablood;Rare;Attack;Ogryn;-;ATK;ALL;1;Dec ACC;All Enemy
;Magmablood;Rare;Attack;Ogryn;-;ATK;random;2;Bomb;Target
;Magus;Rare;Attack;Knight Revenant;Increases Ally SPD in the Arena by 16%;ATK;1;1;Stun;Target
;Magus;Rare;Attack;Knight Revenant;Increases Ally SPD in the Arena by 16%;-;ALL;1;Poison;All Enemy
;Magus;Rare;Attack;Knight Revenant;Increases Ally SPD in the Arena by 16%;ATK;ALL;1;Heal per DMG;Self
;Maiden;Rare;Attack;Sacred Order;-;ATK;1;1;Freeze;Target
;Maiden;Rare;Attack;Sacred Order;-;ATK;1;1;Dec MAX HP Per DMG;Target
;Maiden;Rare;Attack;Sacred Order;-;ATK;1;1;Dec DEF;Target
;Maiden;Rare;Attack;Sacred Order;-;ATK;1;1;Dec DEF;All Ally
;Maneater;Epic;Attack;Ogryn;Increases Ally HP in Dungeons by 33%;ATK;1;1;Dec ATK;All Enemy
;Maneater;Epic;Attack;Ogryn;Increases Ally HP in Dungeons by 33%;ATK;1;1;Empty Meter;Target
;Maneater;Epic;Attack;Ogryn;Increases Ally HP in Dungeons by 33%;ATK;1;1;Inc Meter per Stolen;Self
;Maneater;Epic;Attack;Ogryn;Increases Ally HP in Dungeons by 33%;-;1;1;Unkillable;All Ally
;Maneater;Epic;Attack;Ogryn;Increases Ally HP in Dungeons by 33%;-;1;1;block debuffs;All Ally
;Maneater;Epic;Attack;Ogryn;Increases Ally HP in Dungeons by 33%;-;1;1;Rec 5% DMG per Ally Alive;Self
;Marked;Rare;Support;Barbarians;-;ATK;1;1;Dec DEF;Target
;Marked;Rare;Support;Barbarians;-;ATK;ALL;1;Dec ACC;All Enemy
;Marked;Rare;Support;Barbarians;-;-;ALL;1;Block Debuffs;All Ally
;Marked;Rare;Support;Barbarians;-;-;ALL;1;Inc DEF;All Ally
;Marksman;Epic;Attack;High Elves;Increases Ally DEF in the Arena by 32%;ATK;1;1;Poison;Target
;Marksman;Epic;Attack;High Elves;Increases Ally DEF in the Arena by 32%;ATK;1;1;extra turn;Target
;Marksman;Epic;Attack;High Elves;Increases Ally DEF in the Arena by 32%;ATK;1;1;Inc Meter;All Ally
;Marksman;Epic;Attack;High Elves;Increases Ally DEF in the Arena by 32%;ATK;1;1;Inc Crit Rate;Self
;Marksman;Epic;Attack;High Elves;Increases Ally DEF in the Arena by 32%;ATK;random;4;Ignore DEF;Target
;Marquess;Rare;Defense;Demonspawn;-;DEF;1;1;Dec ATK;Target
;Marquess;Rare;Defense;Demonspawn;-;DEF;ALL;1;Weaken;All Enemy
;Marquess;Rare;Defense;Demonspawn;-;DEF;ALL;1;Inc DMG;All Enemy
;Marquess;Rare;Defense;Demonspawn;-;DEF;1;1;Freeze;Target
;Marquis;Rare;Defense;Demonspawn;Increases Force Ally HP in all Battles by 18%;ATK;1;1;Dec SPD;Target
;Marquis;Rare;Defense;Demonspawn;Increases Force Ally HP in all Battles by 18%;-;1;1;Counter;Self
;Marquis;Rare;Defense;Demonspawn;Increases Force Ally HP in all Battles by 18%;-;1;1;cont Heal;Self
;Marquis;Rare;Defense;Demonspawn;Increases Force Ally HP in all Battles by 18%;ATK;ALL;1;sleep;All Enemy
;Martyr;Legendary;Defense;Sacred Order;Increases Ally DEF in all Battles by 33%;DEF;1;1;Dec DEF;Target
;Martyr;Legendary;Defense;Sacred Order;Increases Ally DEF in all Battles by 33%;-;ALL;1;Inc DEF;All Ally
;Martyr;Legendary;Defense;Sacred Order;Increases Ally DEF in all Battles by 33%;-;ALL;1;Counter;All Ally
;Martyr;Legendary;Defense;Sacred Order;Increases Ally DEF in all Battles by 33%;DEF;ALL;1;Dec ATK;All Enemy
;Martyr;Legendary;Defense;Sacred Order;Increases Ally DEF in all Battles by 33%;DEF;ALL;1;Provoke;All Enemy
;MaShalled;Legendary;Attack;Undead Horde;Increases Ally ATK in Dungeons by 34%;ATK;1;1;Heal per DMG;Self
;MaShalled;Legendary;Attack;Undead Horde;Increases Ally ATK in Dungeons by 34%;-;1;1;Inc SPD;Target Ally
;MaShalled;Legendary;Attack;Undead Horde;Increases Ally ATK in Dungeons by 34%;-;1;1;Inc Crit Rate;Target Ally
;MaShalled;Legendary;Attack;Undead Horde;Increases Ally ATK in Dungeons by 34%;-;1;1;Extra Turn;Self
;MaShalled;Legendary;Attack;Undead Horde;Increases Ally ATK in Dungeons by 34%;-;1;1;Inc SPD;Self
;MaShalled;Legendary;Attack;Undead Horde;Increases Ally ATK in Dungeons by 34%;-;1;1;Inc Crit Rate;Self
;MaShalled;Legendary;Attack;Undead Horde;Increases Ally ATK in Dungeons by 34%;ATK;1;1;Heal Red;Target Ally
;MaShalled;Legendary;Attack;Undead Horde;Increases Ally ATK in Dungeons by 34%;ATK;1;1;Inc DMG;Target Ally
;Metalshaper;Rare;Support;Lizardmen;-;DEF;1;1;steal 1 buff;Target
;Metalshaper;Rare;Support;Lizardmen;-;-;ALL;1;Shield;All Ally
;Metalshaper;Rare;Support;Lizardmen;-;-;1;1;Remove ALL Debuffs;Lowest HP Ally
;Metalshaper;Rare;Support;Lizardmen;-;-;1;1;Heal per Self Max HP;Lowest HP Ally
;Metalshaper;Rare;Support;Lizardmen;-;-;1;1;Inc DEF;Lowest HP Ally
;Mortu-Macaab;Legendary;Attack;Demonspawn;Increases Ally SPD in all Battles by 24%;ATK;1;1;Heal Red;Target
;Mortu-Macaab;Legendary;Attack;Demonspawn;Increases Ally SPD in all Battles by 24%;ATK/HP;ALL;2;Block Buffs;All Enemy
;Mortu-Macaab;Legendary;Attack;Demonspawn;Increases Ally SPD in all Battles by 24%;ATK/HP;ALL;2;Block Buffs;All Enemy
;Mortu-Macaab;Legendary;Attack;Demonspawn;Increases Ally SPD in all Battles by 24%;-;1;1;Unlock Peril Skill;Self
;Mortu-Macaab;Legendary;Attack;Demonspawn;Increases Ally SPD in all Battles by 24%;-;1;1;Inc Meter;Self
;Mortu-Macaab;Legendary;Attack;Demonspawn;Increases Ally SPD in all Battles by 24%;Max HP;1;2;Ignore Shield;Target
;Mortu-Macaab;Legendary;Attack;Demonspawn;Increases Ally SPD in all Battles by 24%;Max HP;1;2;Ignore Block DMG;Target
;Mortu-Macaab;Legendary;Attack;Demonspawn;Increases Ally SPD in all Battles by 24%;Max HP;1;2;Ignore DEF;Target
;Mortu-Macaab;Legendary;Attack;Demonspawn;Increases Ally SPD in all Battles by 24%;Max HP;1;2;Block Revive;Target
;Muckstalker;Rare;HP;Lizardmen;-;ATK/HP;1;1;Block Buffs;Target
;Muckstalker;Rare;HP;Lizardmen;-;ATK/HP;1;1;sleep;Target
;Muckstalker;Rare;HP;Lizardmen;-;-;1;1;Cont Heal;Self
;Mystic Hand;Rare;Support;Dark Elves;Increases Ally HP in Dungeons by 25%;ATK;1;1;Block Buffs;Target
;Mystic Hand;Rare;Support;Dark Elves;Increases Ally HP in Dungeons by 25%;ATK;1;1;Steal 2 Buffs;Target
;Mystic Hand;Rare;Support;Dark Elves;Increases Ally HP in Dungeons by 25%;-;ALL;1;Heal;Lowest HP Ally
;Mystic Hand;Rare;Support;Dark Elves;Increases Ally HP in Dungeons by 25%;-;ALL;1;Equalise all HP;All Ally
;Nazana;Epic;HP;Demonspawn;-;ATK;ALL;1;ATK;All Enemy
;Nazana;Epic;HP;Demonspawn;-;-;-;-;Ally Prot;All Ally
;Nazana;Epic;HP;Demonspawn;-;-;-;-;Shield;Self
;Nazana;Epic;HP;Demonspawn;-;ATK;ALL;1;Dec ATK;All Enemy
;Nethril;Legendary;Attack;Undead Horde;-;ATK;1;3;Poison;Target
;Nethril;Legendary;Attack;Undead Horde;-;ATK;ALL;1;Stun;All Enemy
;Nethril;Legendary;Attack;Undead Horde;-;ATK;ALL;1;Dec SPD;All Enemy
;Nethril;Legendary;Attack;Undead Horde;-;ATK;ALL;1;Dec Meter;All Enemy
;Norog;Legendary;Defense;Skinwalkers;Increases Ally DEF in Dungeons by 40%;ATK;1;1;Dec ACC;Target
;Norog;Legendary;Defense;Skinwalkers;Increases Ally DEF in Dungeons by 40%;ATK;ALL;1;Block Debuffs;All Enemy
;Norog;Legendary;Defense;Skinwalkers;Increases Ally DEF in Dungeons by 40%;-;1;1;Dec DMG;All Ally
;Norog;Legendary;Defense;Skinwalkers;Increases Ally DEF in Dungeons by 40%;-;1;1;Immune Stun;Self
;Norog;Legendary;Defense;Skinwalkers;Increases Ally DEF in Dungeons by 40%;-;1;1;Immune Freeze;Self
;Norog;Legendary;Defense;Skinwalkers;Increases Ally DEF in Dungeons by 40%;-;1;1;Immune Sleep;Self
;Oathbound;Epic;Defense;Banner Lords;-;atk/def;1;1;Freeze;Target
;Oathbound;Epic;Defense;Banner Lords;-;DEF;1;3;Dec ATK;Target
;Oathbound;Epic;Defense;Banner Lords;-;DEF;1;3;Dec Meter;Target
;Oathbound;Epic;Defense;Banner Lords;-;DEF;random;4;Block Cooldown Skills;Target
;Harrier;Rare;Attack;Sacred Order;-;ATK;1;1;Extra Hit;Target
;Harrier;Rare;Attack;Sacred Order;-;ATK;1;2;Dec DEF;Target
;Harrier;Rare;Attack;Sacred Order;-;ATK;1;1;extra crit chance;Target
;Harrier;Rare;Attack;Sacred Order;-;-;1;1;Ignore DEF;Target
;Paragon;Rare;Defense;Dark Elves;-;DEF;1;1;Dec Meter;Target
;Paragon;Rare;Defense;Dark Elves;-;-;1;1;Unkillable;Target Ally
;Paragon;Rare;Defense;Dark Elves;-;-;1;1;Inc ATK;Target Ally
;Paragon;Rare;Defense;Dark Elves;-;DEF;random;3;Heal Red;Target
;Paragon;Rare;Defense;Dark Elves;-;DEF;random;3;Dec ATK;Target Ally
;Penitent;Rare;Defense;Sacred Order;-;ATK;1;2;Dec ATK;Target
;Penitent;Rare;Defense;Sacred Order;-;ATK;1;1;Counter;Self
;Penitent;Rare;Defense;Sacred Order;-;-;1;1;Remove ALL Debuffs;Self
;Penitent;Rare;Defense;Sacred Order;-;-;1;1;block debuffs;Self
;Peydma;Epic;Defense;Demonspawn;-;DEF/ATK;1;2;Dec ATK;Target
;Peydma;Epic;Defense;Demonspawn;-;DEF/ATK;ALL;1;Dec ACC;All Enemy
;Peydma;Epic;Defense;Demonspawn;-;DEF;1;1;Steal ALL Buffs;Target
;Pounder;Rare;Defense;Ogryn;Increases Magic Ally ATK in all Battles by 20%;DEF;1;1;Dec ATK;Target
;Pounder;Rare;Defense;Ogryn;Increases Magic Ally ATK in all Battles by 20%;DEF;1;1;Freeze;Target
;Pounder;Rare;Defense;Ogryn;Increases Magic Ally ATK in all Battles by 20%;DEF;1;1;Freeze;Random Enemy
;Pounder;Rare;Defense;Ogryn;Increases Magic Ally ATK in all Battles by 20%;-;ALL;1;Inc RES per Buff;All Ally
;Preserver;Rare;Defense;Banner Lords;Increases Ally HP in all Battles by 17%;ATK;1;2;Dec SPD;Target
;Preserver;Rare;Defense;Banner Lords;Increases Ally HP in all Battles by 17%;-;1;1;Cont Heal;Self
;Preserver;Rare;Defense;Banner Lords;Increases Ally HP in all Battles by 17%;-;1;1;Shield;Self
;Preserver;Rare;Defense;Banner Lords;Increases Ally HP in all Battles by 17%;-;1;1;Freeze;Target
;Prince Kymar;Legendary;Support;Demonspawn;Increases Ally SPD in the Arena by 30%;ATK;ALL;1;Poison;All Enemy
;Prince Kymar;Legendary;Support;Demonspawn;Increases Ally SPD in the Arena by 30%;ATK;ALL;1;Remove ALL Buffs;All Enemy
;Prince Kymar;Legendary;Support;Demonspawn;Increases Ally SPD in the Arena by 30%;ATK;ALL;1;Sleep;All Enemy
;Prince Kymar;Legendary;Support;Demonspawn;Increases Ally SPD in the Arena by 30%;-;ALL;1;Reset all Cooldowns;All Ally
;Prince Kymar;Legendary;Support;Demonspawn;Increases Ally SPD in the Arena by 30%;-;ALL;1;Inc Meter;Other Allys
;Psylar;Epic;Support;Dark Elves;-;ATK;ALL;1;ATK;All Enemy
;Psylar;Epic;Support;Dark Elves;-;ATK;ALL;1;Dec ACC;All Enemy
;Psylar;Epic;Support;Dark Elves;-;-;ALL;1;Dec SPD;All Enemy
;Psylar;Epic;Support;Dark Elves;-;-;ALL;1;Dec Meter;All Enemy
;Queen Eva;Legendary;Attack;Dark Elves;Increases Ally C. RATE in all Battles by 19%;ATK;1;1;Heal Red;Target
;Queen Eva;Legendary;Attack;Dark Elves;Increases Ally C. RATE in all Battles by 19%;ATK;1;2;Revive Block;Target
;Queen Eva;Legendary;Attack;Dark Elves;Increases Ally C. RATE in all Battles by 19%;ATK;ALL;1;Dec Meter;All Enemy
;Queen Eva;Legendary;Attack;Dark Elves;Increases Ally C. RATE in all Battles by 19%;ATK;ALL;1;Reset Skill Cooldown;Self
;Queen Eva;Legendary;Attack;Dark Elves;Increases Ally C. RATE in all Battles by 19%;ATK;ALL;1;Inc Crit Rate;Self
;Rae;Legendary;Attack;Dark Elves;Increases Ally SPD in Dungeons by 33%;ATK;ALL;1;Dec DEF;All Enemy
;Rae;Legendary;Attack;Dark Elves;Increases Ally SPD in Dungeons by 33%;ATK;ALL;1;Inc DMG;All Enemy
;Rae;Legendary;Attack;Dark Elves;Increases Ally SPD in Dungeons by 33%;ATK;ALL;1;Remove ALL Buffs;All Enemy
;Rae;Legendary;Attack;Dark Elves;Increases Ally SPD in Dungeons by 33%;ATK;ALL;1;Freeze;All Enemy
;Raglin;Legendary;Support;Banner Lords;Increases Ally DEF in all Battles by 33%;ATK;1;1;Inc Meter;Random Ally
;Raglin;Legendary;Support;Banner Lords;Increases Ally DEF in all Battles by 33%;-;ALL;1;Remove ALL Debuffs;All Ally
;Raglin;Legendary;Support;Banner Lords;Increases Ally DEF in all Battles by 33%;-;ALL;1;Heal per ATK;All Ally
;Raglin;Legendary;Support;Banner Lords;Increases Ally DEF in all Battles by 33%;-;1;1;Revive;Target Ally
;Raglin;Legendary;Support;Banner Lords;Increases Ally DEF in all Battles by 33%;-;1;1;Fill Meter;Revived Ally
;Raider;Rare;Attack;Orcs;-;ATK;1;1;Extra Hit;Target
;Raider;Rare;Attack;Orcs;-;ATK;ALL;1;Dec SPD;All Enemy
;Raider;Rare;Attack;Orcs;-;ATK;1;1;Stun;Target
;Raider;Rare;Attack;Orcs;-;ATK;1;1;Dec DEF;Target
;Reinbeast;Epic;Defense;Skinwalkers;-;DEF;1;1;Cont Heal;Lowest HP Ally
;Reinbeast;Epic;Defense;Skinwalkers;-;DEF;1;2;Revive with Full HP;Random Ally
;Reinbeast;Epic;Defense;Skinwalkers;-;-;1;1;Shield;Target Ally
;Relickeeper;Epic;Attack;Sacred Order;Increases Ally ATK in Campaign Battles by 40%;ATK;1;1;Extra Turn;Self
;Relickeeper;Epic;Attack;Sacred Order;Increases Ally ATK in Campaign Battles by 40%;-;1;1;Inc ATK;Self
;Relickeeper;Epic;Attack;Sacred Order;Increases Ally ATK in Campaign Battles by 40%;-;1;1;extra turn;Self
;Relickeeper;Epic;Attack;Sacred Order;Increases Ally ATK in Campaign Battles by 40%;-;1;1;Cont Heal;Self
;Renegade;Rare;Support;Knight Revenant;Increases Ally RESIST in all Battles by 40.;atk/spd;1;1;Heal Red;Target
;Renegade;Rare;Support;Knight Revenant;Increases Ally RESIST in all Battles by 40.;ATK;Random;3;Dec SPD;Target
;Renegade;Rare;Support;Knight Revenant;Increases Ally RESIST in all Battles by 40.;ATK;Random;3;Dec ACC;Target
;Renegade;Rare;Support;Knight Revenant;Increases Ally RESIST in all Battles by 40.;-;ALL;1;Dec Skill Cooldown;All Other Ally
;Renegade;Rare;Support;Knight Revenant;Increases Ally RESIST in all Battles by 40.;-;ALL;1;Self DMG;Self
;Retainer;Rare;Defense;Dark Elves;-;DEF;1;1;Dec DEF;Target
;Retainer;Rare;Defense;Dark Elves;-;-;1;1;Heal;Self
;Retainer;Rare;Defense;Dark Elves;-;-;1;1;Counter;Self
;Retainer;Rare;Defense;Dark Elves;-;DEF;1;1;Dec Meter;Target
;Retainer;Rare;Defense;Dark Elves;-;DEF;1;1;Sleep;Target
;Abbess;Legendary;Attack;Sacred Order;-;ATK;1;1;transfer 1 debuff;Target
;Abbess;Legendary;Attack;Sacred Order;-;ATK;ALL;1;Dec DEF;All Enemy
;Abbess;Legendary;Attack;Sacred Order;-;ATK;ALL;1;ATK;All Enemy
;Richtoff the Bold;Legendary;Attack;Banner Lords;-;ATK;ALL;1;Dec Max HP;All Enemy
;Richtoff the Bold;Legendary;Attack;Banner Lords;-;ATK;1;3;Poison;Target
;Richtoff the Bold;Legendary;Attack;Banner Lords;-;ATK;1;1;Copy 1 Debuff;All Enemy
;Ripper;Epic;Attack;Skinwalkers;Increases Force Ally C. RATE in all Battles by 23%;ATK;1;1;Dec Max HP;Target
;Ripper;Epic;Attack;Skinwalkers;Increases Force Ally C. RATE in all Battles by 23%;ATK;1;2;Inc DMG as Enemy HP Dec;Target
;Ripper;Epic;Attack;Skinwalkers;Increases Force Ally C. RATE in all Battles by 23%;ATK;1;1;Ignore DEF;Target
;Ripper;Epic;Attack;Skinwalkers;Increases Force Ally C. RATE in all Battles by 23%;ATK;1;1;Dec Max HP per DMG;Target
;Belanor;Legendary;Attack;High Elves;Increases Ally C. RATE in all Battles by 24%;ATK;1;1;Inc Crit Rate;All Ally
;Belanor;Legendary;Attack;High Elves;Increases Ally C. RATE in all Battles by 24%;ATK;1;1;Dec DEF;Target
;Belanor;Legendary;Attack;High Elves;Increases Ally C. RATE in all Battles by 24%;ATK;1;1;Weaken;Target
;Belanor;Legendary;Attack;High Elves;Increases Ally C. RATE in all Battles by 24%;ATK;1;1;Inc DEF;Self
;Belanor;Legendary;Attack;High Elves;Increases Ally C. RATE in all Battles by 24%;ATK;1;1;Heal Per Surplus DMG;Self
;Belanor;Legendary;Attack;High Elves;Increases Ally C. RATE in all Battles by 24%;-;1;1;Poison;Target
;Belanor;Legendary;Attack;High Elves;Increases Ally C. RATE in all Battles by 24%;-;1;1;Dec ATK;Target
;Belanor;Legendary;Attack;High Elves;Increases Ally C. RATE in all Battles by 24%;-;1;1;Dec SPD;Target
;Belanor;Legendary;Attack;High Elves;Increases Ally C. RATE in all Battles by 24%;-;1;1;Dec ACC;Target
;Rocktooth;Rare;Attack;Ogryn;-;ATK;1;1;Extra Hit;Target
;Rocktooth;Rare;Attack;Ogryn;-;ATK;ALL;1;Inc Crit Rate;All Ally
;Rocktooth;Rare;Attack;Ogryn;-;ATK;1;1;Heal Red;Target
;Romero;Epic;Defense;Sacred Order;-;DEF;1;1;Cont Heal;Lowest HP Ally
;Romero;Epic;Defense;Sacred Order;-;-;ALL;1;Cont Heal;All Ally
;Romero;Epic;Defense;Sacred Order;-;-;ALL;1;Steal 1 Buff;All Enemy
;Romero;Epic;Defense;Sacred Order;-;-;ALL;1;Shield;All Ally
;Romero;Epic;Defense;Sacred Order;-;-;ALL;1;Inc DEF;Self
;Roshcard the Tower;Legendary;HP;Sacred Order;Increases Ally HP in all Battles by 33%;ATK;1;1;Remove 1 Buff;Target
;Roshcard the Tower;Legendary;HP;Sacred Order;Increases Ally HP in all Battles by 33%;Max HP;1;1;Block Cooldown Skills;Target
;Roshcard the Tower;Legendary;HP;Sacred Order;Increases Ally HP in all Battles by 33%;Max HP;1;1;Block Buffs;Target
;Roshcard the Tower;Legendary;HP;Sacred Order;Increases Ally HP in all Battles by 33%;-;ALL;1;Block DMG;All Ally
;Rowan;Epic;Attack;Banner Lords;-;atk/spd;1;1;Heal Red;Target
;Rowan;Epic;Attack;Banner Lords;-;ATK;Random;3;Stun;Target
;Rowan;Epic;Attack;Banner Lords;-;ATK;1;4;Poison;Target
;Royal Guard;Epic;Attack;High Elves;-;ATK;1;1;Dec DEF;Target
;Royal Guard;Epic;Attack;High Elves;Increases Ally ATK in Dungeons by 35%;ATK/ENEMY MAX HP;ALL;1;Inc DMG per Enemy Max HP;All Enemy
;Royal Guard;Epic;Attack;High Elves;Increases Ally ATK in Dungeons by 35%;ATK;random;4;Dec SPD;Target
;Royal Guard;Epic;Attack;High Elves;Increases Ally ATK in Dungeons by 35%;ATK;random;4;Dec Meter;Target
;Crypt Witch;Epic;Attack;Knight Revenant;-;ATK;1;1;Ignore Shield;Target
;Crypt Witch;Epic;Attack;Knight Revenant;-;ATK;1;1;Ignore Block DMG;-
;Crypt Witch;Epic;Attack;Knight Revenant;-;ATK;1;1;Inc DMG;Target
;Crypt Witch;Epic;Attack;Knight Revenant;-;ATK;Random;2;Dec DEF;Target
;Crypt Witch;Epic;Attack;Knight Revenant;-;ATK;1;1;Ignore DEF;Target
;Seducer;Rare;Defense;Undead Horde;Increases Ally HP in all Battles by 25%;DEF;1;1;sleep;Target
;Seducer;Rare;Defense;Undead Horde;Increases Ally HP in all Battles by 25%;DEF;ALL;1;Dec ATK;All Enemy
;Seducer;Rare;Defense;Undead Horde;Increases Ally HP in all Battles by 25%;-;ALL;1;Inc DEF;All Ally
;Seducer;Rare;Defense;Undead Horde;Increases Ally HP in all Battles by 25%;-;ALL;1;block debuffs;All Ally
;Seducer;Rare;Defense;Undead Horde;Increases Ally HP in all Battles by 25%;-;ALL;1;Ally Prot;All Ally
;Seducer;Rare;Defense;Undead Horde;Increases Ally HP in all Battles by 25%;-;ALL;1;Block DMG;Self
;Seeker;Epic;Defense;Undead Horde;Increases Ally DEF in the Arena by 30%;ATK;1;2;Provoke;Target
;Seeker;Epic;Defense;Undead Horde;Increases Ally DEF in the Arena by 30%;-;ALL;1;Inc Meter;All Ally
;Seeker;Epic;Defense;Undead Horde;Increases Ally DEF in the Arena by 30%;-;ALL;1;Inc ATK;All Ally
;Seeker;Epic;Defense;Undead Horde;Increases Ally DEF in the Arena by 30%;-;ALL;1;Extra Turn;Self
;Seeker;Epic;Defense;Undead Horde;Increases Ally DEF in the Arena by 30%;-;ALL;1;Heal;Self
;Seeker;Epic;Defense;Undead Horde;Increases Ally DEF in the Arena by 30%;-;ALL;1;Inc DEF;All Ally
;Seer;Epic;Support;Orcs;Increases Ally RESIST in all Battles by 40.;ATK;1;1;Extra Turn;Self
;Seer;Epic;Support;Orcs;Increases Ally RESIST in all Battles by 40.;-;ALL;1;Inc Crit Rate;All Ally
;Seer;Epic;Support;Orcs;Increases Ally RESIST in all Battles by 40.;-;ALL;1;weaken;All Enemy
;Seer;Epic;Support;Orcs;Increases Ally RESIST in all Battles by 40.;atk/enemy max hp;ALL;1;Remove ALL Debuffs;All Ally
;Seer;Epic;Support;Orcs;Increases Ally RESIST in all Battles by 40.;atk/enemy max hp;ALL;1;Remove ALL Buffs;All Enemy
;Seer;Epic;Support;Orcs;Increases Ally RESIST in all Battles by 40.;atk/enemy max hp;ALL;1;Inc DMG per Buff Removed;Self
;Sentinel;Rare;HP;Barbarians;-;atk/def;1;1;Provoke;Target
;Sentinel;Rare;HP;Barbarians;-;ATK;ALL;1;Dec ATK;All Enemy
;Sentinel;Rare;HP;Barbarians;-;ATK;ALL;1;Heal Red;All Enemy
;Sentinel;Rare;HP;Barbarians;-;-;1;1;Heal;Self
;Septimus;Legendary;Attack;Banner Lords;Increases Ally ATK in all Battles by 23%;ATK;1;1;Extra Turn;Target
;Septimus;Legendary;Attack;Banner Lords;Increases Ally ATK in all Battles by 23%;ATK;1;1;Reset Cooldown on Holy Sword;Self
;Septimus;Legendary;Attack;Banner Lords;Increases Ally ATK in all Battles by 23%;ATK/ENEMY MAX HP;1;1;Ignore Shield;Target
;Septimus;Legendary;Attack;Banner Lords;Increases Ally ATK in all Battles by 23%;ATK/ENEMY MAX HP;1;1;Ignore Block DMG;Target
;Septimus;Legendary;Attack;Banner Lords;Increases Ally ATK in all Battles by 23%;-;1;1;inc debuffs;Target
;Septimus;Legendary;Attack;Banner Lords;Increases Ally ATK in all Battles by 23%;-;1;1;Inc DMG;Target
;Sethallia;Legendary;Support;Banner Lords;Increases Magic Ally RESIST in all Battles by 50.;ATK;1;1;HP Burn;Target
;Sethallia;Legendary;Support;Banner Lords;Increases Magic Ally RESIST in all Battles by 50.;-;1;1;Heal;Target Ally
;Sethallia;Legendary;Support;Banner Lords;Increases Magic Ally RESIST in all Battles by 50.;-;1;1;block debuffs;Target Ally
;Sethallia;Legendary;Support;Banner Lords;Increases Magic Ally RESIST in all Battles by 50.;ATK;random;3;Leech;Target
;Shaman;Epic;Support;Orcs;-;ATK;1;1;Remove 1 Buff;Target
;Shaman;Epic;Support;Orcs;-;ATK;1;1;Inc Crit Rate;All Ally
;Shaman;Epic;Support;Orcs;-;-;1;1;Revive;Target Ally
;Shaman;Epic;Support;Orcs;-;-;1;1;Shield;Revived Ally
;Shamrock;Legendary;Support;Ogryn;Increases Ally ACC in all Battles by 70.;ATK;1;2;Remove 1 Buff;Target
;Shamrock;Legendary;Support;Ogryn;Increases Ally ACC in all Battles by 70.;-;ALL;1;Inc DEF;All Ally
;Shamrock;Legendary;Support;Ogryn;Increases Ally ACC in all Battles by 70.;-;ALL;1;Inc Crit Rate;All Ally
;Shamrock;Legendary;Support;Ogryn;Increases Ally ACC in all Battles by 70.;-;ALL;1;Cont Heal;All Ally
;Shamrock;Legendary;Support;Ogryn;Increases Ally ACC in all Battles by 70.;-;ALL;1;Block Debuff;All Ally
;Shamrock;Legendary;Support;Ogryn;Increases Ally ACC in all Battles by 70.;-;ALL;1;Dec SPD;All Enemy
;Shamrock;Legendary;Support;Ogryn;Increases Ally ACC in all Battles by 70.;-;ALL;1;Dec Meter;All Enemy
;Shamrock;Legendary;Support;Ogryn;Increases Ally ACC in all Battles by 70.;-;ALL;1;Dec Meter;All Enemy
;Shatterbones;Epic;Attack;Ogryn;Increases Ally ACC in the Arena by 70.;ATK;1;1;Inc ATK;All Ally
;Shatterbones;Epic;Attack;Ogryn;Increases Ally ACC in the Arena by 70.;ATK;ALL;3;Dec Meter;All Enemy
;Shatterbones;Epic;Attack;Ogryn;Increases Ally ACC in the Arena by 70.;-;ALL;1;Dec SPD;All Enemy
;Shatterbones;Epic;Attack;Ogryn;Increases Ally ACC in the Arena by 70.;-;ALL;1;Inc Meter;All Ally
;Shirimani;Legendary;Support;High Elves;-;ATK;random;3;Freeze;Target
;Shirimani;Legendary;Support;High Elves;-;-;ALL;1;Heal;All Enemy Ally
;Shirimani;Legendary;Support;High Elves;-;-;ALL;1;Heal;All Ally
;Shirimani;Legendary;Support;High Elves;-;-;ALL;1;Cont Heal;All Ally
;Shirimani;Legendary;Support;High Elves;-;ATK;ALL;1;Freeze;All Enemy
;Shirimani;Legendary;Support;High Elves;-;ATK;ALL;1;Inc Meter per Hit;Self
;Siegebreaker;Rare;Attack;Ogryn;-;ATK;1;2;ATK;Target
;Siegebreaker;Rare;Attack;Ogryn;-;ATK;1;1;Block Cooldown Skills;Target
;Siegebreaker;Rare;Attack;Ogryn;-;ATK;ALL;1;Inc Crit Rate;Self
;Siegebreaker;Rare;Attack;Ogryn;-;ATK;ALL;1;Dec Meter;All Enemy
;Sinesha;Epic;Support;Knight Revenant;-;ATK;ALL;1;Extra Hit;All Enemy
;Sinesha;Epic;Support;Knight Revenant;-;ATK;1;1;skills on cooldown;Target
;Sinesha;Epic;Support;Knight Revenant;-;ATK;1;1;Heal;lowest hp ally
;Sinesha;Epic;Support;Knight Revenant;-;-;ALL;1;Heal ALL to Highest HP;All Ally
;Sir Nicholas;Legendary;HP;Sacred Order;Increases Ally HP in all Battles by 33%;Max HP;1;1;Freeze;Target
;Sir Nicholas;Legendary;HP;Sacred Order;Increases Ally HP in all Battles by 33%;Max HP;ALL;1;Shield;All Ally
;Sir Nicholas;Legendary;HP;Sacred Order;Increases Ally HP in all Battles by 33%;-;ALL;1;Unkillable;All Ally
;Sir Nicholas;Legendary;HP;Sacred Order;Increases Ally HP in all Battles by 33%;-;ALL;1;cont Heal;All Ally
;Skartorsis;Legendary;Support;Undead Horde;Increases Ally SPD in Dungeons by 33%;ATK;ALL;1;steal 1 buff;All Enemy
;Skartorsis;Legendary;Support;Undead Horde;Increases Ally SPD in Dungeons by 33%;-;ALL;1;Inc ATK;All Ally
;Skartorsis;Legendary;Support;Undead Horde;Increases Ally SPD in Dungeons by 33%;-;ALL;1;Inc Crit Rate;All Ally
;Skartorsis;Legendary;Support;Undead Horde;Increases Ally SPD in Dungeons by 33%;-;ALL;1;Remove ALL Debuffs;All Ally
;Skartorsis;Legendary;Support;Undead Horde;Increases Ally SPD in Dungeons by 33%;-;ALL;1;Inc Meter per Debuff;All Ally
;Skartorsis;Legendary;Support;Undead Horde;Increases Ally SPD in Dungeons by 33%;-;ALL;1;Heal per Debuff;All Ally
;Slasher;Rare;Attack;Lizardmen;-;ATK;1;1;ATK;Target
;Slasher;Rare;Attack;Lizardmen;-;ATK;1;2;Dec DEF;Target
;Slasher;Rare;Attack;Lizardmen;-;-;1;1;Inc Crit Rate;Self
;Slasher;Rare;Attack;Lizardmen;-;-;1;1;Shield;Self
;Slasher;Rare;Attack;Lizardmen;-;-;1;1;Extra Turn;Self
;Skirmisher;Rare;Attack;Barbarians;-;ATK;1;2;Extra DMG;Target
;Skirmisher;Rare;Attack;Barbarians;-;ATK;1;1;Dec Meter;Target
;Skirmisher;Rare;Attack;Barbarians;-;ATK;ALL;1;Remove 1 Buff;All Enemy
;Skullcrown;Epic;Attack;Knight Revenant;Increases Ally SPD in the Arena by 23%;ATK;ALL;1;Extra Hit;All Enemy
;Skullcrown;Epic;Attack;Knight Revenant;Increases Ally SPD in the Arena by 23%;ATK;ALL;1;Weaken;All Enemy
;Skullcrown;Epic;Attack;Knight Revenant;Increases Ally SPD in the Arena by 23%;-;1;1;Unkillable;Self
;Skullcrown;Epic;Attack;Knight Revenant;Increases Ally SPD in the Arena by 23%;-;1;1;Revive;Self
;Skullcrusher;Epic;Defense;Ogryn;-;DEF;1;1;Heal Red;Target
;Skullcrusher;Epic;Defense;Ogryn;-;-;ALL;-;Ally Prot;All Other Ally
;Skullcrusher;Epic;Defense;Ogryn;-;-;ALL;-;Counter;Other Allys
;Skullcrusher;Epic;Defense;Ogryn;-;-;ALL;-;Unkillable;Self
;Skullcrusher;Epic;Defense;Ogryn;-;-;1;1;Dec All Buffs;Self
;Skullsworn;Rare;Attack;Lizardmen;-;ATK;1;2;Extra Hit;Self
;Skullsworn;Rare;Attack;Lizardmen;-;-;1;1;Inc SPD;Self
;Skullsworn;Rare;Attack;Lizardmen;-;-;1;1;Counter;Self
;Skullsworn;Rare;Attack;Lizardmen;-;-;1;1;Inc Meter;Self
;Skullsworn;Rare;Attack;Lizardmen;-;-;1;1;Inc Meter;Self
;Venus;Legendary;Support;Sacred Order;Increases Ally HP in all Battles by 33%;ATK;1;2;Poison;Target
;Venus;Legendary;Support;Sacred Order;Increases Ally HP in all Battles by 33%;ATK;ALL;1;Dec DEF;All Enemy
;Venus;Legendary;Support;Sacred Order;Increases Ally HP in all Battles by 33%;ATK;ALL;1;Weaken;All Enemy
;Venus;Legendary;Support;Sacred Order;Increases Ally HP in all Battles by 33%;ATK;ALL;1;HP Burn;All Enemy
;Slayer;Rare;Attack;Barbarians;-;ATK;1;1;Dec ATK;Target
;Slayer;Rare;Attack;Barbarians;-;ATK;ALL;1;ATK;All Enemy
;Slayer;Rare;Attack;Barbarians;-;ATK;1;1;Poison;Target
;Slayer;Rare;Attack;Barbarians;-;ATK;1;1;Stun;Target
;Slitherbrute;Rare;Attack;Lizardmen;Increases Ally ACC in Dungeons by 40.;ATK;1;1;Dec SPD;Target
;Slitherbrute;Rare;Attack;Lizardmen;Increases Ally ACC in Dungeons by 40.;ATK;1;1;steal 1 buff;Target
;Slitherbrute;Rare;Attack;Lizardmen;Increases Ally ACC in Dungeons by 40.;ATK;1;1;Dec Meter Per Buff;Target
;Sorceress;Rare;Attack;Undead Horde;-;ATK;1;1;Dec SPD;Target
;Sorceress;Rare;Attack;Undead Horde;-;ATK;1;2;Extra Hit;Target
;Sorceress;Rare;Attack;Undead Horde;-;ATK;random;3;Dec DEF;Target
;Souldrinker;Epic;Attack;Demonspawn;-;ATK;1;1;Decrease Bomb;Target
;Souldrinker;Epic;Attack;Demonspawn;-;ATK;Random;3;Decrease Bomb;Target
;Souldrinker;Epic;Attack;Demonspawn;-;ATK;ALL;2;Bomb;All Enemy
;Souldrinker;Epic;Attack;Demonspawn;-;-;ALL;1;2x bomb;All Enemy
;Soulless;Legendary;Defense;Knight Revenant;-;DEF;1;1;Stun;Target
;Soulless;Legendary;Defense;Knight Revenant;-;DEF;Random;3;Remove 1 Buff;Target
;Soulless;Legendary;Defense;Knight Revenant;-;DEF;Random;3;Provoke;Target
;Soulless;Legendary;Defense;Knight Revenant;-;DEF;ALL;2;inc debuffs;All Enemy
;Soulless;Legendary;Defense;Knight Revenant;-;DEF;ALL;2;Shield;Self
;Soulless;Legendary;Defense;Knight Revenant;-;DEF;ALL;2;Inc DMG per Debuff;All Enemy
;Spider;Epic;Support;Dark Elves;Increases Ally SPD in Dungeons by 25%;ATK;1;1;Remove 1 Buff;Target
;Spider;Epic;Support;Dark Elves;Increases Ally SPD in Dungeons by 25%;ATK/HP;ALL;1;Dec All Buffs;All Enemy
;Spider;Epic;Support;Dark Elves;Increases Ally SPD in Dungeons by 25%;ATK/HP;ALL;1;Dec ATK;All Enemy
;Spider;Epic;Support;Dark Elves;Increases Ally SPD in Dungeons by 25%;-;ALL;1;Dec DEF;All Enemy
;Spider;Epic;Support;Dark Elves;Increases Ally SPD in Dungeons by 25%;-;ALL;1;Weaken;All Enemy
;Spikehead;Rare;Attack;Orcs;Increases Ally DEF in the Arena by 30%;ATK;1;2;ATK;Target
;Spikehead;Rare;Attack;Orcs;Increases Ally DEF in the Arena by 30%;-;1;1;Inc Crit Rate;Self
;Spikehead;Rare;Attack;Orcs;Increases Ally DEF in the Arena by 30%;-;1;1;Inc ATK;Self
;Spikehead;Rare;Attack;Orcs;Increases Ally DEF in the Arena by 30%;ATK;1;3;Crit Chance;Self
;Spirithost;Rare;Support;Dark Elves;Increases Ally SPD in all Battles by 10%;ATK;1;1;Heal per DMG;Self
;Spirithost;Rare;Support;Dark Elves;Increases Ally SPD in all Battles by 10%;-;ALL;1;Inc ATK;All Ally
;Spirithost;Rare;Support;Dark Elves;Increases Ally SPD in all Battles by 10%;-;ALL;1;Remove ALL Debuffs;All Ally
;Spirithost;Rare;Support;Dark Elves;Increases Ally SPD in all Battles by 10%;-;ALL;1;block debuffs;All Ally
;Steelskull;Epic;Support;Skinwalkers;-;ATK;1;2;Poison;Target
;Steelskull;Epic;Support;Skinwalkers;-;-;1;1;Remove ALL Debuffs;Target Ally
;Steelskull;Epic;Support;Skinwalkers;-;-;1;1;Heal;Target Ally
;Steelskull;Epic;Support;Skinwalkers;-;-;ALL;1;Inc DEF;All Ally
;Steelskull;Epic;Support;Skinwalkers;-;-;ALL;1;Heal;All Ally
;Stoneskin;Rare;HP;Ogryn;Increases Ally C. RATE in the Arena by 16%;atk/hp;1;1;Provoke;Target
;Stoneskin;Rare;HP;Ogryn;Increases Ally C. RATE in the Arena by 16%;atk/hp;1;1;Inc DMG per Max HP;Self
;Stoneskin;Rare;HP;Ogryn;Increases Ally C. RATE in the Arena by 16%;-;1;1;Inc Meter;Self
;Stoneskin;Rare;HP;Ogryn;Increases Ally C. RATE in the Arena by 16%;-;1;1;Inc DEF;Self
;Stoneskin;Rare;HP;Ogryn;Increases Ally C. RATE in the Arena by 16%;ATK;ALL;1;Dec SPD;All Enemy
;Tallia;Epic;Attack;Sacred Order;Increases Ally C. RATE in Dungeons by 15%;ATK;1;3;ATK;Target
;Tallia;Epic;Attack;Sacred Order;Increases Ally C. RATE in Dungeons by 15%;ATK;ALL;1;Inc ATK;Self
;Tallia;Epic;Attack;Sacred Order;Increases Ally C. RATE in Dungeons by 15%;ATK;ALL;1;Inc Crit Rate;Self
;Tallia;Epic;Attack;Sacred Order;Increases Ally C. RATE in Dungeons by 15%;ATK;ALL;1;Bomb;All Enemy
;Tallia;Epic;Attack;Sacred Order;Increases Ally C. RATE in Dungeons by 15%;-;1;1;Counter;Self
;Tallia;Epic;Attack;Sacred Order;Increases Ally C. RATE in Dungeons by 15%;-;1;1;weaken;All Enemy
;Taurus;Epic;Attack;Skinwalkers;-;ATK;1;1;Heal;Self
;Taurus;Epic;Attack;Skinwalkers;-;ATK;1;1;Weaken;Target
;Taurus;Epic;Attack;Skinwalkers;-;-;1;1;Self DMG;Self
;Taurus;Epic;Attack;Skinwalkers;-;-;1;1;Poison x3;All Enemy
;Bloodfeather;Epic;Attack;Orcs;-;ATK;1;1;extra crit chance;Self
;Bloodfeather;Epic;Attack;Orcs;-;ATK;1;1;Crit;Target
;Bloodfeather;Epic;Attack;Orcs;-;ATK;1;1;Dec DEF;Target
;Bloodfeather;Epic;Attack;Orcs;-;ATK;1;1;Dec SPD;Target
;Bloodfeather;Epic;Attack;Orcs;-;ATK;1;1;Dec Meter;Target
;Templar;Rare;Defense;Sacred Order;Increases Ally RESIST in the Arena by 50.;DEF;1;1;Dec SPD;Target
;Templar;Rare;Defense;Sacred Order;Increases Ally RESIST in the Arena by 50.;DEF;Random;4;Provoke;Target
;Templar;Rare;Defense;Sacred Order;Increases Ally RESIST in the Arena by 50.;DEF;Random;4;Block DMG;Self
;Templar;Rare;Defense;Sacred Order;Increases Ally RESIST in the Arena by 50.;-;Random;1;ATK;Target
;Temptress;Rare;Attack;Undead Horde;-;ATK;1;1;steal 1 buff;Target
;Temptress;Rare;Attack;Undead Horde;-;ATK;Random;4;Leech;All Enemy
;Temptress;Rare;Attack;Undead Horde;-;-;1;1;Inc ATK;Self
;Temptress;Rare;Attack;Undead Horde;-;-;1;1;Inc Crit Rate;Self
;Temptress;Rare;Attack;Undead Horde;-;-;1;1;Extra Turn;Self
;Terrorbeast;Epic;HP;Orcs;Increases Ally HP in all Battles by 25%;ATK;1;1;Inc 1 Skill Cooldown;Target
;Terrorbeast;Epic;HP;Orcs;Increases Ally HP in all Battles by 25%;Max HP;Random;2;DMG per Max HP;Target
;Terrorbeast;Epic;HP;Orcs;Increases Ally HP in all Battles by 25%;ATK;1;2;Heal;Self
;Thenasil;Epic;Support;High Elves;Increases Ally RESIST in Dungeons by 70.;ATK;1;1;sleep;Target
;Thenasil;Epic;Support;High Elves;Increases Ally RESIST in Dungeons by 70.;-;ALL;1;Inc DEF;All Ally
;Thenasil;Epic;Support;High Elves;Increases Ally RESIST in Dungeons by 70.;-;ALL;1;Heal per Self Max HP;All Ally
;Thenasil;Epic;Support;High Elves;Increases Ally RESIST in Dungeons by 70.;ATK;ALL;1;Dec All Buffs;All Enemy
;Theurgist;Rare;Support;Knight Revenant;-;ATK;1;1;Inc Meter;Random Ally
;Theurgist;Rare;Support;Knight Revenant;-;ATK;1;1;Block Buffs;Target
;Theurgist;Rare;Support;Knight Revenant;-;-;ALL;1;Inc DEF;All Ally
;Theurgist;Rare;Support;Knight Revenant;-;-;ALL;1;Inc ATK;All Ally
;Tomb Lord;Legendary;Support;Knight Revenant;Increases Ally DEF in the Arena by 42%;ATK;1;3;Dec SPD;Target
;Tomb Lord;Legendary;Support;Knight Revenant;Increases Ally DEF in the Arena by 42%;ATK;1(ALL);1;Poison;All Enemy
;Tomb Lord;Legendary;Support;Knight Revenant;Increases Ally DEF in the Arena by 42%;ATK;1(ALL);1;Always Crit;Target
;Tomb Lord;Legendary;Support;Knight Revenant;Increases Ally DEF in the Arena by 42%;-;ALL;1;Empty Meter;All Enemy
;Tomb Lord;Legendary;Support;Knight Revenant;Increases Ally DEF in the Arena by 42%;-;ALL;1;Dec ATK;All Enemy
;Tomb Lord;Legendary;Support;Knight Revenant;Increases Ally DEF in the Arena by 42%;-;ALL;1;Dec DEF;All Enemy
;Torturehelm;Epic;HP;Orcs;Increases Ally HP in Dungeons by 33%;atk/def;1;1;Steal 1 buff;Target
;Torturehelm;Epic;HP;Orcs;Increases Ally HP in Dungeons by 33%;Max HP;1;1;Inc DMG per Max HP + Dead Ally;Target
;Torturehelm;Epic;HP;Orcs;Increases Ally HP in Dungeons by 33%;-;1;1;Revive on Death;Self
;Totem;Rare;Support;Orcs;-;ATK;1;1;Poison;Target
;Totem;Rare;Support;Orcs;-;ATK;1;1;Remove 1 Buff;Target
;Totem;Rare;Support;Orcs;-;ATK;1;1;Cont Heal;Self
;Totem;Rare;Support;Orcs;-;ATK;ALL;1;Dec DEF;All Enemy
;Turvold;Legendary;Attack;Barbarians;-;ATK;1;2;Weaken;Target
;Turvold;Legendary;Attack;Barbarians;-;-;1;1;Inc ATK;Self
;Turvold;Legendary;Attack;Barbarians;-;-;1;1;Inc Crit Rate;Self
;Turvold;Legendary;Attack;Barbarians;-;-;1;1;Inc SPD;Self
;Turvold;Legendary;Attack;Barbarians;-;-;1;1;Extra Turn;Self
;Turvold;Legendary;Attack;Barbarians;-;ATK;1;2;Inc DMG per Buff;Target
;Turvold;Legendary;Attack;Barbarians;-;ATK;1;2;Reset Juggernaut Cooldown;Self
;Valerie;Rare;Support;Banner Lords;-;ATK;1;1;ATK;Target
;Valerie;Rare;Support;Banner Lords;-;-;ALL;1;Inc Buff;All Ally
;Valerie;Rare;Support;Banner Lords;-;-;ALL;1;dec buff;All Enemy
;Valerie;Rare;Support;Banner Lords;-;-;ALL;1;Inc ATK;All Ally
;Valerie;Rare;Support;Banner Lords;-;-;ALL;1;Shield;All Ally
;Valerie;Rare;Support;Banner Lords;-;-;ALL;1;Heal per Buff;All Ally
;Valkyrie;Legendary;Defense;Barbarians;-;atk/def;1;2;Dec Meter;Target
;Valkyrie;Legendary;Defense;Barbarians;-;DEF;ALL;1;Shield;All Ally
;Valkyrie;Legendary;Defense;Barbarians;-;DEF;ALL;1;Counter;All Ally
;Valkyrie;Legendary;Defense;Barbarians;-;-;1;1;Inc Meter;Self
;Valkyrie;Legendary;Defense;Barbarians;-;-;1;1;Dec Meter;Target
;Hound Spawn;Rare;Attack;Demonspawn;-;ATK;1;1;Stun;Target
;Hound Spawn;Rare;Attack;Demonspawn;-;ATK;1;2;Dec DEF;Target
;Hound Spawn;Rare;Attack;Demonspawn;-;ATK;ALL;1;Ignore DEF;All Enemy
;Hound Spawn;Rare;Attack;Demonspawn;-;ATK;ALL;1;Ignore Block DMG;All Enemy
;Vergis;Epic;Defense;High Elves;Increases Ally DEF in Dungeons by 33%;DEF;1;1;Dec ACC;Target
;Vergis;Epic;Defense;High Elves;Increases Ally DEF in Dungeons by 33%;-;1;1;Cont Heal;Target Ally
;Vergis;Epic;Defense;High Elves;Increases Ally DEF in Dungeons by 33%;-;1;1;Ally Prot;Target Ally
;Vergis;Epic;Defense;High Elves;Increases Ally DEF in Dungeons by 33%;-;1;1;Cont Heal;Self
;Veteran;Rare;Defense;Orcs;Increases Ally SPD in Dungeons by 15%;DEF;1;2;Dec ATK;Target
;Veteran;Rare;Defense;Orcs;Increases Ally SPD in Dungeons by 15%;DEF/ATK;1;1;Inc Crit Rate;All Ally
;Veteran;Rare;Defense;Orcs;Increases Ally SPD in Dungeons by 15%;DEF/HP;ALL;1;Block Buffs;All Enemy
;Vrask;Epic;HP;Orcs;Increases Ally DEF in Dungeons by 33%;Max HP;1;1;Inc Meter;Self
;Vrask;Epic;HP;Orcs;Increases Ally DEF in Dungeons by 33%;Max HP;1;1;ATK;Target
;Vrask;Epic;HP;Orcs;Increases Ally DEF in Dungeons by 33%;-;ALL;1;Heal;All Ally
;Wanderer;Rare;Attack;Dark Elves;Increases Ally ATK in Dungeons by 21%;ATK;1;1;Weaken;Target
;Wanderer;Rare;Attack;Dark Elves;Increases Ally ATK in Dungeons by 21%;ATK;1;2;Dec Meter;Target
;Wanderer;Rare;Attack;Dark Elves;Increases Ally ATK in Dungeons by 21%;ATK;1;2;Inc Meter;Self
;Wanderer;Rare;Attack;Dark Elves;Increases Ally ATK in Dungeons by 21%;ATK;1;1;Ignore DEF;Target
;War Mother;Legendary;Attack;Ogryn;-;ATK;1;2;Dec ATK;Target
;War Mother;Legendary;Attack;Ogryn;-;ATK;ALL;1;Bomb;All Enemy
;War Mother;Legendary;Attack;Ogryn;-;ATK;ALL;1;Detonate Bombs;All Enemy
;Warcaster;Epic;Support;Banner Lords;Increases Void Ally C. RATE in all Battles by 23%;ATK;1;1;steal 1 buff;Target
;Warcaster;Epic;Support;Banner Lords;Increases Void Ally C. RATE in all Battles by 23%;ATK;ALL;1;Block Buffs;All Enemy
;Warcaster;Epic;Support;Banner Lords;Increases Void Ally C. RATE in all Battles by 23%;-;ALL;1;Block DMG;All Ally
;Warchief;Legendary;Defense;Skinwalkers;-;DEF;1;3;Freeze;Target
;Warchief;Legendary;Defense;Skinwalkers;-;DEF;1;1;Provoke;Target
;Warchief;Legendary;Defense;Skinwalkers;-;DEF;1;1;Steal 2 Buffs;Target
;Warchief;Legendary;Defense;Skinwalkers;-;-;1;1;Inc DEF per Dead Ally;Self
;Warchief;Legendary;Defense;Skinwalkers;-;-;1;1;Reflect DMG;Self
;Warden;Epic;Defense;Dark Elves;Increases Ally HP in the Arena by 30%;DEF;1;1;Weaken;Target
;Warden;Epic;Defense;Dark Elves;Increases Ally HP in the Arena by 30%;DEF;ALL;1;Dec ATK;All Enemy
;Warden;Epic;Defense;Dark Elves;Increases Ally HP in the Arena by 30%;DEF;ALL;1;Inc DEF;All Ally
;Warden;Epic;Defense;Dark Elves;Increases Ally HP in the Arena by 30%;-;ALL;1;Reflect DMG;All Ally
;Warlord;Legendary;Support;Orcs;Increases Ally RESIST in all Battles by 50.;ATK;1;1;Inc ALL Debuffs;Target
;Warlord;Legendary;Support;Orcs;Increases Ally RESIST in all Battles by 50.;-;ALL;1;Block Debuffs;All Ally
;Warlord;Legendary;Support;Orcs;Increases Ally RESIST in all Battles by 50.;-;ALL;1;Shield;All Ally
;Warlord;Legendary;Support;Orcs;Increases Ally RESIST in all Battles by 50.;-;ALL;1;Heal;All Ally
;Warlord;Legendary;Support;Orcs;Increases Ally RESIST in all Battles by 50.;ATK;ALL;1;skills on cooldown;All Enemy
;Warlord;Legendary;Support;Orcs;Increases Ally RESIST in all Battles by 50.;ATK;ALL;1;Empty Meter;All Enemy
;Warmaiden;Rare;Attack;Barbarians;-;ATK;1;1;Poison;Target
;Warmaiden;Rare;Attack;Barbarians;-;ATK;1;1;Inc ATK;Self
;Warmaiden;Rare;Attack;Barbarians;-;ATK;1;1;Extra Hit;Self
;Warmaiden;Rare;Attack;Barbarians;-;ATK;ALL;1;Dec DEF;All Enemy
;Warpriest;Rare;Support;Sacred Order;-;ATK;1;1;Freeze;Target
;Warpriest;Rare;Support;Sacred Order;-;-;ALL;1;Heal;All Enemy Ally
;Warpriest;Rare;Support;Sacred Order;-;-;ALL;1;Heal;All Ally
;Warpriest;Rare;Support;Sacred Order;-;-;ALL;1;Inc ATK;All Ally
;Woad-Painted;Epic;HP;Barbarians;-;atk/hp;1;2;Block Cooldown Skills;Target
;Woad-Painted;Epic;HP;Barbarians;-;-;1;1;Remove ALL Debuffs;Self
;Woad-Painted;Epic;HP;Barbarians;-;-;1;1;Heal;Self
;Woad-Painted;Epic;HP;Barbarians;-;-;1;1;Reflect DMG;Self
;Woad-Painted;Epic;HP;Barbarians;-;ATK;1;1;Block Cooldown Skills;Target
;Wretch;Rare;Attack;Undead Horde;Increases Force Ally ATK in all Battles by 30%;ATK;1;2;Heal Red;Target
;Wretch;Rare;Attack;Undead Horde;Increases Force Ally ATK in all Battles by 30%;ATK;1;1;Heal per DMG;Target
;Wretch;Rare;Attack;Undead Horde;Increases Force Ally ATK in all Battles by 30%;ATK;1;1;HP Burn;Target
;Zargala;Epic;Attack;Orcs;Increases Ally ACC in all Battles by 40.;ATK;1;1;Weaken;Target
;Zargala;Epic;Attack;Orcs;Increases Ally ACC in all Battles by 40.;ATK;1;1;Crack Armor Skill;Target
;Zargala;Epic;Attack;Orcs;Increases Ally ACC in all Battles by 40.;ATK;ALL;3;Dec DEF;All Enemy
;Zavia;Legendary;Attack;Dark Elves;Increases Ally ATK in all Battles by 33%;ATK;1;3;Poison;Target
;Zavia;Legendary;Attack;Dark Elves;Increases Ally ATK in all Battles by 33%;ATK;ALL;2;Poison;All Enemy
;Zavia;Legendary;Attack;Dark Elves;Increases Ally ATK in all Battles by 33%;ATK;ALL;1;Revive Block;All Enemy
;Zavia;Legendary;Attack;Dark Elves;Increases Ally ATK in all Battles by 33%;ATK;ALL;1;Deal ALL Poison;All Enemy
;Zavia;Legendary;Attack;Dark Elves;Increases Ally ATK in all Battles by 33%;ATK;1;1;Spread 4 Debuffs;All Enemy
;Zelotah;Epic;Support;Undead Horde;Increases Ally RESIST in the Arena by 70.;ATK;1;1;sleep;Target
;Zelotah;Epic;Support;Undead Horde;Increases Ally RESIST in the Arena by 70.;-;ALL;1;Shield;All Ally
;Zelotah;Epic;Support;Undead Horde;Increases Ally RESIST in the Arena by 70.;-;ALL;1;cont Heal;All Ally
;Zelotah;Epic;Support;Undead Horde;Increases Ally RESIST in the Arena by 70.;ATK;ALL;1;sleep;All Enemy
;Zelotah;Epic;Support;Undead Horde;Increases Ally RESIST in the Arena by 70.;ATK;ALL;1;Sleep;All Enemy
;Alika;Epic;Attack;Barbarians;-;ATK;1;1;Extra Hit;Target
;Alika;Epic;Attack;Barbarians;-;ATK;1;1;Ignore DEF;Target
;Alika;Epic;Attack;Barbarians;-;ATK;ALL;1;Increase Cooldowns;All Enemy
;Alika;Epic;Attack;Barbarians;-;ATK;1;1;Revive;Self
;Arbiter;Legendary;Support;High Elves;Increases Ally SPD in the Arena by 30%;ATK;1;2;Weaken;Enemy
;Arbiter;Legendary;Support;High Elves;Increases Ally SPD in the Arena by 30%;ATK;ALL;1;Dec Buff;All Enemy
;Arbiter;Legendary;Support;High Elves;Increases Ally SPD in the Arena by 30%;-;ALL;1;Inc Meter;All Ally
;Arbiter;Legendary;Support;High Elves;Increases Ally SPD in the Arena by 30%;-;ALL;1;Inc ATK;All Ally
;Arbiter;Legendary;Support;High Elves;Increases Ally SPD in the Arena by 30%;-;ALL;1;Heal;All Ally
;Arbiter;Legendary;Support;High Elves;Increases Ally SPD in the Arena by 30%;-;ALL;1;Revive;All Ally
;Arbiter;Legendary;Support;High Elves;Increases Ally SPD in the Arena by 30%;-;ALL;1;Inc Meter;All Ally
;Arbiter;Legendary;Support;High Elves;Increases Ally SPD in the Arena by 30%;-;1;1;Extra Turn;Self
;Cagebreaker;Epic;Attack;Ogryn;Increases Spirit Ally ATK in all Battles by 40%;ATK;1;1;Dec DEF;Target
;Cagebreaker;Epic;Attack;Ogryn;Increases Spirit Ally ATK in all Battles by 40%;ATK;Random;4;Sleep;Target
;Cagebreaker;Epic;Attack;Ogryn;Increases Spirit Ally ATK in all Battles by 40%;ATK;ALL;1;Decrease Max HP;All Enemy
;Cagebreaker;Epic;Attack;Ogryn;Increases Spirit Ally ATK in all Battles by 40%;ATK;1;1;Extra Turn;Self
;Drexthar Bloodtwin;Legendary;Defense;Demonspawn;Increases Ally ACC in all Battles by 70;DEF/ATK;1;3;HP Burn;Target
;Drexthar Bloodtwin;Legendary;Defense;Demonspawn;Increases Ally ACC in all Battles by 70;DEF/ATK;1;1;Heal;Self
;Drexthar Bloodtwin;Legendary;Defense;Demonspawn;Increases Ally ACC in all Battles by 70;DEF;ALL;1;Provoke;All Enemy
;Drexthar Bloodtwin;Legendary;Defense;Demonspawn;Increases Ally ACC in all Battles by 70;-;1;1;HP Burn;Attacker
;Foli;Legendary;Attack;Dark Elves;-;ATK;1;4;Dec DEF;Target
;Foli;Legendary;Attack;Dark Elves;-;ATK;Random;4;Leech;Target
;Foli;Legendary;Attack;Dark Elves;-;ATK;ALL;1;Revive Block;All Enemy
;Foli;Legendary;Attack;Dark Elves;-;-;1;1;Heal;Self
;Towering Titan;Epic;HP;Ogryn;Increases Ally HP in all Battles by 25%;ATK;1;1;Dec DEF;Target
;Towering Titan;Epic;HP;Ogryn;Increases Ally HP in all Battles by 25%;ATK;Random;4;Provoke;Target
;Towering Titan;Epic;HP;Ogryn;Increases Ally HP in all Battles by 25%;-;All;1;Inc DEF;All Ally
;Towering Titan;Epic;HP;Ogryn;Increases Ally HP in all Battles by 25%;-;1;1;Cont Heal;Self
;Towering Titan;Epic;HP;Ogryn;Increases Ally HP in all Battles by 25%;-;1;1;Shield;Self
;Towering Titan;Epic;HP;Ogryn;Increases Ally HP in all Battles by 25%;-;1;1;Transfer DMG;Self
;Hakkorhn Smashlord;Legendary;Attack;Skinwalkers;Increases Ally HP in Dungeons by 33%;HP;1;1;Stun;Target
;Hakkorhn Smashlord;Legendary;Attack;Skinwalkers;Increases Ally HP in Dungeons by 33%;-;ALL;1;Heal;All Ally
;Hakkorhn Smashlord;Legendary;Attack;Skinwalkers;Increases Ally HP in Dungeons by 33%;-;ALL;1;Remove ALL Debuffs;All Ally
;Hakkorhn Smashlord;Legendary;Attack;Skinwalkers;Increases Ally HP in Dungeons by 33%;-;ALL;1;Heal per Debuff;All Ally
;Hakkorhn Smashlord;Legendary;Attack;Skinwalkers;Increases Ally HP in Dungeons by 33%;-;ALL;1;Block Debuffs;All Ally
;Hakkorhn Smashlord;Legendary;Attack;Skinwalkers;Increases Ally HP in Dungeons by 33%;-;ALL;1;DMG per HP;All Enemy
;Hakkorhn Smashlord;Legendary;Attack;Skinwalkers;Increases Ally HP in Dungeons by 33%;-;1;1;Self DMG;Self
;Malbranche;Rare;Attack;Demonspawn;Increases Ally SPD in the Arena by 16%;ATK;1;1;Dec Bomb;Target
;Malbranche;Rare;Attack;Demonspawn;Increases Ally SPD in the Arena by 16%;ATK;1;2;Counter;Self
;Malbranche;Rare;Attack;Demonspawn;Increases Ally SPD in the Arena by 16%;ATK;1;1;Bomb;Target
;Eviscerator;Rare;Attack;Dark Elves;Increases Ally C. RATE in the Arena by 16%;ATK;1;2;Inc Crit Rate;Target
;Eviscerator;Rare;Attack;Dark Elves;Increases Ally C. RATE in the Arena by 16%;ATK;1;2;Poison;Target
;Eviscerator;Rare;Attack;Dark Elves;Increases Ally C. RATE in the Arena by 16%;ATK;ALL;1;Dec DEF;All Enemy
;Tormentor;Rare;Attack;Demonspawn;-;ATK;1;1;Extra Hit;Target
;Tormentor;Rare;Attack;Demonspawn;-;ATK;Random;2;Dec ACC;Target
;Tormentor;Rare;Attack;Demonspawn;-;ATK;1;2;Block Buffs;Target
;Tormentor;Rare;Attack;Demonspawn;-;ATK;1;2;Stun;Target
;Pain Keeper;Rare;HP;Dark Elves;-;DEF/ATK;1;2;Inc Meter;Self
;Pain Keeper;Rare;HP;Dark Elves;-;HP/ATK;ALL;1;Heal;All Ally
;Pain Keeper;Rare;HP;Dark Elves;-;-;ALL;-;Dec Cooldowns;All Ally